Province/State,Date,Cumulative Cases,Cumulative Tests,Daily Cases,Daily Tests,7 day daily case moving average,14 day daily case moving average,7 day daily test moving average,14 day daily test moving average
NSW,2020-03-09,48,8371,10,363,0,0,0,0
NSW,2020-03-10,55,10165,7,1794,0,0,0,0
NSW,2020-03-11,65,10221,10,56,0,0,0,0
NSW,2020-03-12,92,14856,27,4635,0,0,0,0
NSW,2020-03-13,119,16685,27,1829,0,0,0,0
NSW,2020-03-14,139,20496,20,3811,0,0,0,0
NSW,2020-03-15,161,22567,22,2071,18,0,2080,0
NSW,2020-03-16,198,26964,37,4397,21,0,2656,0
NSW,2020-03-17,237,30244,39,3280,26,0,2868,0
VIC,2020-03-17,94,2500,23,2500,0,0,0,0
NSW,2020-03-18,294,35800,57,5556,33,0,3654,0
VIC,2020-03-18,121,3500,27,1000,0,0,0,0
NSW,2020-03-19,334,39089,40,3289,35,0,3462,0
VIC,2020-03-19,121,5480,0,1980,0,0,0,0
NSW,2020-03-20,380,40651,46,1562,37,0,3424,0
QLD,2020-03-20,184,1322,40,1322,0,0,0,0
VIC,2020-03-20,121,7637,0,2157,0,0,0,0
NSW,2020-03-21,463,46892,83,6241,46,0,3771,0
QLD,2020-03-21,221,2803,37,1481,0,0,0,0
VIC,2020-03-21,229,8800,108,1163,0,0,0,0
NSW,2020-03-22,696,52663,233,5771,76,47,4299,3190
QLD,2020-03-22,259,4245,38,1442,0,0,0,0
VIC,2020-03-22,355,11200,126,2400,0,0,0,0
ACT,2020-03-23,32,194,13,194,0,0,0,0
NSW,2020-03-23,779,56941,83,4278,83,52,4282,3469
QLD,2020-03-23,319,5330,60,1085,0,0,0,0
VIC,2020-03-23,410,12000,55,800,48,0,1714,0
ACT,2020-03-24,39,405,7,211,0,0,0,0
NSW,2020-03-24,928,61848,149,4907,99,62,4515,3692
QLD,2020-03-24,397,6652,78,1322,0,0,0,0
VIC,2020-03-24,466,13300,56,1300,53,0,1543,0
ACT,2020-03-25,48,594,9,189,0,0,0,0
NSW,2020-03-25,1139,68177,211,6329,121,77,4625,4140
QLD,2020-03-25,443,8094,46,1442,0,0,0,0
TAS,2020-03-25,36,133,8,133,0,0,0,0
VIC,2020-03-25,521,13800,55,500,57,0,1471,0
ACT,2020-03-26,62,858,14,264,0,0,0,0
NSW,2020-03-26,1329,74006,190,5829,142,88,4988,4225
QLD,2020-03-26,493,12761,50,4667,50,0,1823,0
SA,2020-03-26,235,1407,65,1407,0,0,0,0
TAS,2020-03-26,47,669,11,536,0,0,0,0
VIC,2020-03-26,575,15200,54,1400,65,0,1389,0
ACT,2020-03-27,71,1346,9,488,0,0,0,0
NSW,2020-03-27,1515,77689,186,3683,162,100,5291,4357
QLD,2020-03-27,555,14203,62,1442,53,0,1840,0
SA,2020-03-27,257,4231,22,2824,0,0,0,0
TAS,2020-03-27,55,1205,8,536,0,0,0,0
VIC,2020-03-27,629,19300,54,4100,73,0,1666,0
WA,2020-03-27,231,572,0,572,0,0,0,0
ACT,2020-03-28,80,1645,9,299,0,0,0,0
NSW,2020-03-28,1727,86524,212,8835,181,113,5662,4716
QLD,2020-03-28,625,16964,70,2761,58,0,2023,0
SA,2020-03-28,287,5468,30,1237,0,0,0,0
TAS,2020-03-28,70,1741,15,536,0,0,0,0
VIC,2020-03-28,740,23300,111,4000,73,0,2071,0
WA,2020-03-28,278,1452,47,880,0,0,0,0
ACT,2020-03-29,86,1893,6,248,10,0,270,0
NSW,2020-03-29,1901,93099,174,6575,172,124,5777,5038
QLD,2020-03-29,656,18435,31,1471,57,0,2027,0
SA,2020-03-29,299,6413,12,945,0,0,0,0
TAS,2020-03-29,74,2277,4,536,0,0,0,0
VIC,2020-03-29,824,27300,84,4000,67,0,2300,0
WA,2020-03-29,311,2129,33,677,0,0,0,0
ACT,2020-03-30,87,2350,1,457,8,0,308,0
NSW,2020-03-30,2142,96446,241,3347,195,139,5644,4963
NT,2020-03-30,15,221,0,221,0,0,0,0
QLD,2020-03-30,689,23459,33,5024,53,0,2590,0
SA,2020-03-30,305,6933,6,520,0,0,0,0
TAS,2020-03-30,77,2813,3,536,0,0,0,0
VIC,2020-03-30,876,30300,52,3000,67,58,2614,2164
WA,2020-03-30,355,2669,44,540,0,0,0,0
ACT,2020-03-31,89,2554,2,204,7,0,307,0
NSW,2020-03-31,2292,99951,150,3505,195,147,5443,4979
NT,2020-03-31,17,1321,2,1100,0,0,0,0
QLD,2020-03-31,743,24930,54,1471,49,0,2611,0
SA,2020-03-31,337,8075,32,1142,0,0,0,0
TAS,2020-03-31,80,3349,3,536,7,0,478,0
VIC,2020-03-31,972,33300,96,3000,72,63,2857,2200
WA,2020-03-31,364,3185,9,516,0,0,0,0
ACT,2020-04-01,93,2969,4,415,6,0,339,0
NSW,2020-04-01,2442,105543,150,5592,186,153,5338,4982
NT,2020-04-01,19,1352,2,31,0,0,0,0
QLD,2020-04-01,781,26401,38,1471,48,0,2615,0
SA,2020-04-01,367,9559,30,1484,28,0,1366,0
TAS,2020-04-01,83,3885,3,536,7,0,536,0
VIC,2020-04-01,1023,35300,51,2000,72,64,3071,2271
WA,2020-04-01,392,4003,28,818,0,0,0,0
ACT,2020-04-02,96,3129,3,160,5,0,324,0
NSW,2020-04-02,2558,110537,116,4994,176,159,5219,5103
NT,2020-04-02,21,1494,2,142,0,0,0,0
QLD,2020-04-02,835,27333,54,932,49,49,2082,1952
SA,2020-04-02,396,10607,29,1048,23,0,1314,0
TAS,2020-04-02,86,4421,3,536,6,0,536,0
VIC,2020-04-02,1091,37300,68,2000,74,69,3157,2273
WA,2020-04-02,400,4671,8,668,24,0,667,0
ACT,2020-04-03,100,3333,4,204,4,0,284,0
NSW,2020-04-03,2649,114455,91,3918,162,162,5252,5272
NT,2020-04-03,22,1687,1,193,0,0,0,0
QLD,2020-04-03,873,29989,38,2656,45,49,2255,2048
SA,2020-04-03,425,11653,29,1046,24,0,1060,0
TAS,2020-04-03,88,4957,2,536,5,0,536,0
VIC,2020-04-03,1140,39300,49,2000,73,73,2857,2262
WA,2020-04-03,428,5347,28,676,28,0,682,0
ACT,2020-04-04,102,3369,2,36,3,0,246,0
NSW,2020-04-04,2753,117633,104,3178,147,164,4444,5053
NT,2020-04-04,26,1863,4,176,0,0,0,0
QLD,2020-04-04,900,31548,27,1559,39,48,2083,2053
SA,2020-04-04,436,12768,11,1115,21,0,1043,0
TAS,2020-04-04,94,5493,6,536,3,0,536,0
VIC,2020-04-04,1170,42300,30,3000,61,67,2714,2393
WA,2020-04-04,464,5732,36,385,27,0,611,0
ACT,2020-04-05,105,3551,3,182,3,6,237,254
NSW,2020-04-05,2840,121433,87,3800,134,153,4048,4912
NT,2020-04-05,27,1974,1,111,2,0,282,0
QLD,2020-04-05,907,33343,7,1795,36,46,2130,2078
SA,2020-04-05,441,13594,5,826,20,0,1026,0
TAS,2020-04-05,96,6029,2,536,3,0,536,0
VIC,2020-04-05,1190,44300,20,2000,52,60,2429,2364
WA,2020-04-05,481,6678,17,946,24,0,650,0
ACT,2020-04-06,105,3622,0,71,3,5,182,245
NSW,2020-04-06,2897,124038,57,2605,108,151,3942,4793
NT,2020-04-06,27,2026,0,52,2,0,258,0
QLD,2020-04-06,921,34038,14,695,33,43,1511,2051
SA,2020-04-06,445,14034,4,440,20,0,1014,0
TAS,2020-04-06,100,6156,4,127,3,0,478,0
VIC,2020-04-06,1213,45300,23,1000,48,57,2143,2379
WA,2020-04-06,488,7207,7,529,19,0,648,0
ACT,2020-04-07,105,3790,0,168,2,5,177,242
NSW,2020-04-07,2946,126146,49,2108,93,144,3742,4593
NT,2020-04-07,27,2220,0,194,1,0,128,0
QLD,2020-04-07,934,37382,13,3344,27,38,1779,2195
SA,2020-04-07,450,14562,5,528,16,0,927,0
TAS,2020-04-07,103,6376,3,220,3,5,432,455
VIC,2020-04-07,1246,46300,33,1000,39,56,1857,2357
WA,2020-04-07,505,7682,17,475,20,0,642,0
ACT,2020-04-08,108,3972,3,182,2,4,143,241
NSW,2020-04-08,2994,129091,48,2945,79,132,3364,4351
NT,2020-04-08,27,2283,0,63,1,0,133,0
QLD,2020-04-08,943,39100,9,1718,23,36,1814,2215
SA,2020-04-08,454,15324,4,762,12,20,824,1095
TAS,2020-04-08,112,6479,9,103,4,5,371,453
VIC,2020-04-08,1267,48300,21,2000,35,53,1857,2464
WA,2020-04-08,526,8577,21,895,19,0,653,0
ACT,2020-04-09,109,4095,1,123,2,3,138,231
NSW,2020-04-09,3033,132997,39,3906,68,122,3209,4214
NT,2020-04-09,27,2395,0,112,1,0,129,0
QLD,2020-04-09,953,42314,10,3214,17,33,2140,2111
SA,2020-04-09,459,16017,5,693,9,16,773,1044
TAS,2020-04-09,125,6581,13,102,6,6,309,422
VIC,2020-04-09,1283,50300,16,2000,27,51,1857,2507
WA,2020-04-09,540,9193,14,616,20,22,646,657
ACT,2020-04-10,111,4310,2,215,2,3,140,212
NSW,2020-04-10,3082,137441,49,4444,62,112,3284,4268
NT,2020-04-10,27,2464,0,69,1,0,111,0
QLD,2020-04-10,965,44742,12,2428,13,29,2108,2181
SA,2020-04-10,467,16447,8,430,6,15,685,873
TAS,2020-04-10,136,6775,11,194,7,6,260,398
VIC,2020-04-10,1296,52300,13,2000,22,48,1857,2357
WA,2020-04-10,551,9625,11,432,18,23,611,647
ACT,2020-04-11,111,4396,0,86,1,2,147,196
NSW,2020-04-11,3117,138090,35,649,52,99,2922,3683
NT,2020-04-11,27,2521,0,57,0,0,94,0
QLD,2020-04-11,974,47047,9,2305,11,25,2214,2149
SA,2020-04-11,468,16890,1,443,5,13,589,816
TAS,2020-04-11,147,7311,11,536,8,6,260,398
VIC,2020-04-11,1320,57300,24,5000,21,41,2143,2429
WA,2020-04-11,559,10586,8,961,14,20,693,652
ACT,2020-04-12,111,4452,0,56,1,2,129,183
NSW,2020-04-12,3128,141777,11,3687,41,88,2906,3477
NT,2020-04-12,27,2576,0,55,0,1,86,184
QLD,2020-04-12,983,47861,9,814,11,23,2074,2102
SA,2020-04-12,468,17180,0,290,4,12,512,769
TAS,2020-04-12,158,7490,11,179,9,6,209,372
VIC,2020-04-12,1323,58300,3,1000,19,36,2000,2214
WA,2020-04-12,567,11599,8,1013,12,18,703,676
ACT,2020-04-13,111,4484,0,32,1,2,123,152
NSW,2020-04-13,3134,144380,6,2603,34,71,2906,3424
NT,2020-04-13,27,2602,0,26,0,1,82,170
QLD,2020-04-13,987,48718,4,857,9,21,2097,1804
SA,2020-04-13,468,17435,0,255,3,12,486,750
TAS,2020-04-13,169,8095,11,605,10,7,277,377
VIC,2020-04-13,1336,61300,13,3000,18,33,2286,2214
WA,2020-04-13,570,12416,3,817,12,15,744,696
ACT,2020-04-14,112,4584,1,100,1,2,113,145
NSW,2020-04-14,3141,145809,7,1429,28,61,2809,3276
NT,2020-04-14,27,2663,0,61,0,1,63,96
QLD,2020-04-14,998,49561,11,843,9,18,1740,1759
SA,2020-04-14,472,17770,4,335,3,10,458,692
TAS,2020-04-14,190,8222,21,127,12,8,264,348
VIC,2020-04-14,1346,62300,10,1000,14,27,2286,2071
WA,2020-04-14,580,12878,10,462,11,15,742,692
ACT,2020-04-15,112,4783,0,199,1,1,116,130
NSW,2020-04-15,3157,147114,16,1305,23,51,2575,2969
NT,2020-04-15,27,2710,0,47,0,1,61,97
QLD,2020-04-15,999,51028,1,1467,8,16,1704,1759
SA,2020-04-15,472,18276,0,506,3,8,422,623
TAS,2020-04-15,201,8366,11,144,13,8,270,320
VIC,2020-04-15,1354,63300,8,1000,12,24,2143,2000
WA,2020-04-15,589,13094,9,216,9,14,645,649
ACT,2020-04-16,112,4912,0,129,0,1,117,127
NSW,2020-04-16,3168,150314,11,3200,19,44,2474,2841
NT,2020-04-16,27,2742,0,32,0,0,50,89
QLD,2020-04-16,1001,53275,2,2247,7,12,1566,1853
SA,2020-04-16,472,19120,0,844,2,5,443,608
TAS,2020-04-16,205,8530,4,164,11,8,278,294
VIC,2020-04-16,1362,64300,8,1000,11,19,2000,1929
WA,2020-04-16,594,14104,5,1010,8,14,702,674
ACT,2020-04-17,112,5047,0,135,0,1,105,122
NSW,2020-04-17,3197,155302,29,4988,16,39,2552,2918
NT,2020-04-17,27,2827,0,85,0,0,52,81
QLD,2020-04-17,1007,55775,6,2500,6,10,1576,1842
SA,2020-04-17,474,20049,2,929,1,4,515,600
TAS,2020-04-17,216,8818,11,288,11,9,292,276
VIC,2020-04-17,1365,66300,3,2000,10,16,2000,1929
WA,2020-04-17,603,14706,9,602,7,12,726,668
ACT,2020-04-18,112,5149,0,102,0,1,108,127
NSW,2020-04-18,3207,160454,10,5152,13,32,3195,3059
NT,2020-04-18,27,2846,0,19,0,0,46,70
QLD,2020-04-18,1015,58311,8,2536,6,8,1609,1912
SA,2020-04-18,474,21992,0,1943,1,3,729,659
TAS,2020-04-18,224,9096,8,278,11,9,255,257
VIC,2020-04-18,1382,70300,17,4000,9,15,1857,2000
WA,2020-04-18,606,15656,3,950,7,10,724,709
ACT,2020-04-19,112,5186,0,37,0,0,105,117
NSW,2020-04-19,3228,165137,21,4683,14,28,3337,3122
NT,2020-04-19,27,2934,0,88,0,0,51,69
QLD,2020-04-19,1019,60283,4,1972,5,8,1775,1924
SA,2020-04-19,474,24041,0,2049,1,2,980,746
TAS,2020-04-19,231,10040,7,944,10,10,364,286
VIC,2020-04-19,1391,73300,9,3000,10,14,2143,2071
WA,2020-04-19,607,17369,1,1713,6,9,824,764
ACT,2020-04-20,113,5356,1,170,0,1,125,124
NSW,2020-04-20,3234,168626,6,3489,14,24,3464,3185
NT,2020-04-20,27,2952,0,18,0,0,50,66
QLD,2020-04-20,1023,61418,4,1135,5,7,1814,1956
SA,2020-04-20,474,25009,0,968,1,2,1082,784
TAS,2020-04-20,236,10417,5,377,10,10,332,304
VIC,2020-04-20,1392,77300,1,4000,8,13,2286,2286
WA,2020-04-20,608,17950,1,581,5,9,791,767
ACT,2020-04-21,113,5419,0,63,0,1,119,116
NSW,2020-04-21,3240,171128,6,2502,14,21,3617,3213
NT,2020-04-21,27,3031,0,79,0,0,53,58
QLD,2020-04-21,1028,63018,5,1600,4,7,1922,1831
SA,2020-04-21,476,26226,2,1217,1,2,1208,833
TAS,2020-04-21,237,10421,1,4,7,10,314,289
VIC,2020-04-21,1399,79300,7,2000,8,11,2429,2357
WA,2020-04-21,609,18593,1,643,4,7,816,779
ACT,2020-04-22,113,5549,0,130,0,0,109,113
NSW,2020-04-22,3242,175419,2,4291,12,18,4044,3309
NT,2020-04-22,27,3193,0,162,0,0,69,65
QLD,2020-04-22,1030,65716,2,2698,4,6,2098,1901
SA,2020-04-22,477,27969,1,1743,1,2,1385,903
TAS,2020-04-22,241,10968,4,547,6,9,372,321
VIC,2020-04-22,1402,81300,3,2000,7,10,2571,2357
WA,2020-04-22,609,19621,0,1028,3,6,932,789
ACT,2020-04-23,113,5660,0,111,0,0,107,112
NSW,2020-04-23,3247,181064,5,5645,11,15,4393,3433
NT,2020-04-23,27,3266,0,73,0,0,75,62
QLD,2020-04-23,1032,68247,2,2531,4,6,2139,1852
SA,2020-04-23,477,29458,0,1489,1,1,1477,960
TAS,2020-04-23,243,11327,2,359,5,8,400,339
VIC,2020-04-23,1403,84300,1,3000,6,9,2857,2429
WA,2020-04-23,609,20631,0,1010,2,5,932,817
ACT,2020-04-24,114,5733,1,73,0,0,98,102
NSW,2020-04-24,3253,188416,6,7352,8,12,4731,3641
NT,2020-04-24,27,3341,0,75,0,0,73,63
QLD,2020-04-24,1032,70525,0,2278,4,5,2107,1842
SA,2020-04-24,477,31127,0,1669,0,1,1583,1049
TAS,2020-04-24,243,11603,0,276,4,8,398,345
VIC,2020-04-24,1409,87300,6,3000,6,8,3000,2500
WA,2020-04-24,611,21619,2,988,1,4,988,857
ACT,2020-04-25,115,6031,1,298,0,0,126,117
NSW,2020-04-25,3265,193256,12,4840,8,11,4686,3940
NT,2020-04-25,27,3410,0,69,0,0,81,64
QLD,2020-04-25,1032,72605,0,2080,2,4,2042,1826
SA,2020-04-25,477,32267,0,1140,0,1,1468,1098
TAS,2020-04-25,243,12002,0,399,3,7,415,335
VIC,2020-04-25,1412,89300,3,2000,4,7,2714,2286
WA,2020-04-25,612,22680,1,1061,1,4,1003,864
ACT,2020-04-26,115,6179,0,148,0,0,142,123
NSW,2020-04-26,3273,198715,8,5459,6,10,4797,4067
NT,2020-04-26,27,3452,0,42,0,0,74,63
QLD,2020-04-26,1036,73970,4,1365,2,4,1955,1865
SA,2020-04-26,477,33402,0,1135,0,1,1337,1159
TAS,2020-04-26,248,12439,5,437,2,6,343,354
VIC,2020-04-26,1415,92300,3,3000,3,7,2714,2429
WA,2020-04-26,612,23286,0,606,1,3,845,835
ACT,2020-04-27,115,6395,0,216,0,0,148,136
NSW,2020-04-27,3275,203131,2,4416,6,10,4929,4196
NT,2020-04-27,27,3466,0,14,0,0,73,62
QLD,2020-04-27,1039,75075,3,1105,2,4,1951,1883
SA,2020-04-27,477,34014,0,612,0,1,1286,1184
TAS,2020-04-27,250,13104,2,665,2,6,384,358
VIC,2020-04-27,1418,95300,3,3000,4,6,2571,2429
WA,2020-04-27,612,23872,0,586,1,3,846,818
ACT,2020-04-28,115,6641,0,246,0,0,175,147
NSW,2020-04-28,3287,207245,12,4114,7,10,5160,4388
NT,2020-04-28,27,3559,0,93,0,0,75,64
QLD,2020-04-28,1039,77315,0,2240,2,3,2042,1982
SA,2020-04-28,477,34813,0,799,0,0,1227,1217
TAS,2020-04-28,254,13865,4,761,2,5,492,403
VIC,2020-04-28,1423,100349,5,5049,3,6,3007,2718
WA,2020-04-28,613,24186,1,314,1,2,799,808
ACT,2020-04-29,115,6735,0,94,0,0,169,139
NSW,2020-04-29,3294,212659,7,5414,7,10,5320,4682
NT,2020-04-29,27,3642,0,83,0,0,64,67
QLD,2020-04-29,1039,80498,0,3183,1,3,2112,2105
SA,2020-04-29,477,36148,0,1335,0,0,1168,1277
TAS,2020-04-29,255,14618,1,753,2,4,521,447
VIC,2020-04-29,1430,102392,7,2043,4,5,3013,2792
WA,2020-04-29,614,25012,1,826,1,2,770,851
ACT,2020-04-30,115,6967,0,232,0,0,187,147
NSW,2020-04-30,3303,220046,9,7387,8,10,5569,4981
NT,2020-04-30,27,3753,0,111,0,0,70,72
QLD,2020-04-30,1039,83685,0,3187,1,3,2205,2172
SA,2020-04-30,477,38154,0,2006,0,0,1242,1360
TAS,2020-04-30,257,15629,2,1011,2,4,615,507
VIC,2020-04-30,1433,106418,3,4026,4,5,3160,3008
WA,2020-04-30,614,26283,0,1271,1,1,807,870
ACT,2020-05-01,115,7274,0,307,0,0,220,159
NSW,2020-05-01,3308,227084,5,7038,8,8,5524,5127
NT,2020-05-01,27,3864,0,111,0,0,75,74
QLD,2020-05-01,1040,86565,1,2880,1,2,2291,2199
SA,2020-05-01,477,39401,0,1247,0,0,1182,1382
TAS,2020-05-01,257,16694,0,1065,2,3,727,563
VIC,2020-05-01,1440,115007,7,8589,4,5,3958,3479
WA,2020-05-01,614,30273,0,3990,0,1,1236,1112
ACT,2020-05-02,115,7536,0,262,0,0,215,170
NSW,2020-05-02,3311,235894,3,8810,7,7,6091,5389
NT,2020-05-02,29,3942,2,78,0,0,76,78
QLD,2020-05-02,1041,89149,1,2584,1,2,2363,2203
SA,2020-05-02,477,40566,0,1165,0,0,1186,1327
TAS,2020-05-02,257,17549,0,855,2,2,792,604
VIC,2020-05-02,1453,120528,13,5521,6,5,4461,3588
WA,2020-05-02,614,33713,0,3440,0,1,1576,1290
ACT,2020-05-03,115,7695,0,159,0,0,217,179
NSW,2020-05-03,3316,243128,5,7234,6,6,6345,5571
NT,2020-05-03,29,4049,0,107,0,0,85,80
QLD,2020-05-03,1044,91146,3,1997,1,2,2454,2204
SA,2020-05-03,477,41500,0,934,0,0,1157,1247
TAS,2020-05-03,257,18502,0,953,1,2,866,604
VIC,2020-05-03,1475,129733,22,9205,9,6,5348,4031
WA,2020-05-03,614,34648,0,935,0,0,1623,1234
ACT,2020-05-04,116,7921,1,226,0,0,218,183
NSW,2020-05-04,3318,248699,2,5571,6,6,6510,5720
NT,2020-05-04,29,4076,0,27,0,0,87,80
QLD,2020-05-04,1049,92198,5,1052,1,2,2446,2199
SA,2020-05-04,477,42067,0,567,0,0,1150,1218
TAS,2020-05-04,257,19076,0,574,1,2,853,618
VIC,2020-05-04,1492,137961,17,8228,11,7,6094,4333
WA,2020-05-04,614,35510,0,862,0,0,1663,1254
ACT,2020-05-05,116,8122,0,201,0,0,212,193
NSW,2020-05-05,3325,253995,7,5296,5,6,6679,5919
NT,2020-05-05,29,4146,0,70,0,0,84,80
QLD,2020-05-05,1052,93269,3,1071,2,2,2279,2161
SA,2020-05-05,477,42870,0,803,0,0,1151,1189
TAS,2020-05-05,261,19737,4,661,1,2,839,665
VIC,2020-05-05,1509,143277,17,5316,12,8,6133,4570
WA,2020-05-05,614,36634,0,1124,0,0,1778,1289
ACT,2020-05-06,116,8395,0,273,0,0,237,203
NSW,2020-05-06,3327,261251,2,7256,5,6,6942,6131
NT,2020-05-06,29,4224,0,78,0,0,83,74
QLD,2020-05-06,1054,95752,2,2483,2,2,2179,2145
SA,2020-05-06,477,44382,0,1512,0,0,1176,1172
TAS,2020-05-06,262,20196,1,459,1,2,797,659
VIC,2020-05-06,1523,153377,14,10100,13,9,7284,5148
WA,2020-05-06,614,38373,0,1739,0,0,1909,1339
ACT,2020-05-07,116,8771,0,376,0,0,258,222
NSW,2020-05-07,3330,271796,3,10545,4,6,7393,6481
NT,2020-05-07,29,4338,0,114,0,0,84,77
QLD,2020-05-07,1054,100446,0,4694,2,2,2394,2300
SA,2020-05-07,478,45898,1,1516,0,0,1106,1174
TAS,2020-05-07,263,20954,1,758,1,1,761,688
VIC,2020-05-07,1536,167807,13,14430,15,10,8770,5965
WA,2020-05-07,615,39833,1,1460,0,0,1936,1372
ACT,2020-05-08,116,9250,0,479,0,0,282,251
NSW,2020-05-08,3334,281257,4,9461,4,6,7739,6632
NT,2020-05-08,29,4488,0,150,0,0,89,82
QLD,2020-05-08,1054,104743,0,4297,2,2,2597,2444
SA,2020-05-08,478,47408,0,1510,0,0,1144,1163
TAS,2020-05-08,263,21527,0,573,1,1,690,709
VIC,2020-05-08,1537,184565,1,16758,14,9,9937,6948
WA,2020-05-08,615,41306,0,1473,0,0,1576,1406
ACT,2020-05-09,116,9567,0,317,0,0,290,253
NSW,2020-05-09,3336,294949,2,13692,4,5,8436,7264
NT,2020-05-09,29,4610,0,122,0,0,95,86
QLD,2020-05-09,1054,108564,0,3821,2,2,2774,2568
SA,2020-05-09,478,48743,0,1335,0,0,1168,1177
TAS,2020-05-09,263,22068,0,541,1,1,646,719
VIC,2020-05-09,1556,201205,19,16640,15,10,11525,7993
WA,2020-05-09,615,43044,0,1738,0,0,1333,1455
ACT,2020-05-10,116,10030,0,463,0,0,334,275
NSW,2020-05-10,3336,304464,0,9515,3,4,8762,7554
NT,2020-05-10,29,4716,0,106,0,0,95,90
QLD,2020-05-10,1054,111354,0,2790,1,1,2887,2670
SA,2020-05-10,478,49909,0,1166,0,0,1201,1179
TAS,2020-05-10,263,22265,0,197,1,1,538,702
VIC,2020-05-10,1565,218189,9,16984,13,11,12637,8992
WA,2020-05-10,615,44239,0,1195,0,0,1370,1497
ACT,2020-05-11,116,10232,0,202,0,0,330,274
NSW,2020-05-11,3336,309722,0,5258,3,4,8718,7614
NT,2020-05-11,29,4748,0,32,0,0,96,92
QLD,2020-05-11,1060,112557,6,1203,2,2,2908,2677
SA,2020-05-11,478,50878,0,969,0,0,1259,1205
TAS,2020-05-11,263,23071,0,806,1,1,571,712
VIC,2020-05-11,1580,236626,15,18437,13,12,14095,10095
WA,2020-05-11,615,44579,0,340,0,0,1296,1479
ACT,2020-05-12,116,10660,0,428,0,0,363,287
NSW,2020-05-12,3342,315770,6,6048,2,4,8825,7752
NT,2020-05-12,29,4867,0,119,0,0,103,93
QLD,2020-05-12,1060,114440,0,1883,1,2,3024,2652
SA,2020-05-12,478,51767,0,889,0,0,1271,1211
TAS,2020-05-12,263,23259,0,188,0,1,503,671
VIC,2020-05-12,1583,249751,3,13125,11,11,15211,10672
WA,2020-05-12,615,44707,0,128,0,0,1153,1466
ACT,2020-05-13,116,10930,0,270,0,0,362,300
NSW,2020-05-13,3346,323887,4,8117,3,4,8948,7945
NT,2020-05-13,29,4980,0,113,0,0,108,96
QLD,2020-05-13,1060,117588,0,3148,1,2,3119,2649
SA,2020-05-13,478,53456,0,1689,0,0,1296,1236
TAS,2020-05-13,263,23808,0,549,0,1,516,656
VIC,2020-05-13,1590,264555,7,14804,10,11,15883,11583
WA,2020-05-13,615,47115,0,2408,0,0,1249,1579
ACT,2020-05-14,116,11359,0,429,0,0,370,314
NSW,2020-05-14,3354,333634,8,9747,3,4,8834,8113
NT,2020-05-14,29,5201,0,221,0,0,123,103
QLD,2020-05-14,1063,120730,3,3142,1,2,2898,2646
SA,2020-05-14,478,55024,0,1568,0,0,1304,1205
TAS,2020-05-14,263,24377,0,569,0,0,489,625
VIC,2020-05-14,1609,280741,19,16186,10,13,16133,12452
WA,2020-05-14,615,49748,0,2633,0,0,1416,1676
ACT,2020-05-15,116,11786,0,427,0,0,362,322
NSW,2020-05-15,3357,345846,3,12212,3,4,9227,8483
NT,2020-05-15,29,5558,0,357,0,0,153,121
QLD,2020-05-15,1064,124155,1,3425,1,2,2773,2685
SA,2020-05-15,478,56689,0,1665,0,0,1326,1235
TAS,2020-05-15,264,24809,1,432,0,0,469,580
VIC,2020-05-15,1620,300759,11,20018,12,13,16599,13268
WA,2020-05-15,615,51729,0,1981,0,0,1489,1533
ACT,2020-05-16,116,12147,0,361,0,0,369,329
NSW,2020-05-16,3358,355738,1,9892,3,3,8684,8560
NT,2020-05-16,29,5700,0,142,0,0,156,126
QLD,2020-05-16,1064,127402,0,3247,1,2,2691,2732
SA,2020-05-16,478,58459,0,1770,0,0,1388,1278
TAS,2020-05-16,264,25324,0,515,0,0,465,555
VIC,2020-05-16,1627,315270,7,14511,10,12,16295,13910
WA,2020-05-16,616,53127,1,1398,0,0,1440,1387
ACT,2020-05-17,116,12351,0,204,0,0,332,333
NSW,2020-05-17,3359,362842,1,7104,3,3,8340,8551
NT,2020-05-17,29,5812,0,112,0,0,157,126
QLD,2020-05-17,1065,129768,1,2366,2,2,2631,2759
SA,2020-05-17,478,59564,0,1105,0,0,1379,1290
TAS,2020-05-17,264,25606,0,282,0,0,477,507
VIC,2020-05-17,1633,329519,6,14249,10,11,15904,14270
WA,2020-05-17,617,54179,1,1052,0,0,1420,1395
ACT,2020-05-18,116,12583,0,232,0,0,336,333
NSW,2020-05-18,3361,371881,2,9039,4,3,8880,8799
NT,2020-05-18,29,5859,0,47,0,0,159,127
QLD,2020-05-18,1065,131303,0,1535,1,1,2678,2793
SA,2020-05-18,478,60347,0,783,0,0,1353,1306
TAS,2020-05-18,264,25966,0,360,0,0,414,492
VIC,2020-05-18,1642,336590,9,7071,9,11,14281,14188
WA,2020-05-18,620,55020,3,841,1,0,1492,1394
ACT,2020-05-19,116,12741,0,158,0,0,297,330
NSW,2020-05-19,3364,377185,3,5304,3,3,8774,8799
NT,2020-05-19,29,5959,0,100,0,0,156,130
QLD,2020-05-19,1065,134189,0,2886,1,1,2821,2923
SA,2020-05-19,478,61444,0,1097,0,0,1382,1327
TAS,2020-05-19,264,26317,0,351,0,0,437,470
VIC,2020-05-19,1648,349420,6,12830,9,10,14238,14724
WA,2020-05-19,620,56130,0,1110,1,0,1632,1393
ACT,2020-05-20,116,13005,0,264,0,0,296,329
NSW,2020-05-20,3365,384278,1,7093,3,3,8627,8788
NT,2020-05-20,29,6115,0,156,0,0,162,135
QLD,2020-05-20,1065,139108,0,4919,1,1,3074,3097
SA,2020-05-20,478,63132,0,1688,0,0,1382,1339
TAS,2020-05-20,264,26747,0,430,0,0,420,468
VIC,2020-05-20,1656,358572,8,9152,9,10,13431,14657
WA,2020-05-20,620,58125,0,1995,1,0,1573,1411
ACT,2020-05-21,116,13209,0,204,0,0,264,317
NSW,2020-05-21,3367,390930,2,6652,2,3,8185,8510
NT,2020-05-21,29,6251,0,136,0,0,150,137
QLD,2020-05-21,1065,142425,0,3317,0,1,3099,2998
SA,2020-05-21,478,65120,0,1988,0,0,1442,1373
TAS,2020-05-21,264,27168,0,421,0,0,399,444
VIC,2020-05-21,1668,369973,12,11401,8,9,12747,14440
WA,2020-05-21,620,60123,0,1998,1,0,1482,1449
ACT,2020-05-22,116,13546,0,337,0,0,251,307
NSW,2020-05-22,3369,402623,2,11693,2,2,8111,8669
NT,2020-05-22,29,6472,0,221,0,0,131,142
QLD,2020-05-22,1065,145411,0,2986,0,1,3037,2905
SA,2020-05-22,478,66820,0,1700,0,0,1447,1387
TAS,2020-05-22,264,27356,0,188,0,0,364,416
VIC,2020-05-22,1675,384403,7,14430,8,10,11949,14274
WA,2020-05-22,620,61787,0,1664,1,0,1437,1463
ACT,2020-05-23,116,13860,0,314,0,0,245,307
NSW,2020-05-23,3370,411618,1,8995,2,2,7983,8334
NT,2020-05-23,29,6768,0,296,0,0,153,154
QLD,2020-05-23,1065,147760,0,2349,0,1,2908,2800
SA,2020-05-23,478,68182,0,1362,0,0,1389,1388
TAS,2020-05-23,264,27719,0,363,0,0,342,404
VIC,2020-05-23,1685,390126,10,5723,8,9,10694,13494
WA,2020-05-23,623,63965,3,2178,1,1,1548,1494
ACT,2020-05-24,116,14053,0,193,0,0,243,287
NSW,2020-05-24,3372,418427,2,6809,2,3,7941,8140
NT,2020-05-24,29,6880,0,112,0,0,153,155
QLD,2020-05-24,1065,149412,0,1652,0,1,2806,2718
SA,2020-05-24,478,69177,0,995,0,0,1373,1376
TAS,2020-05-24,264,27911,0,192,0,0,329,403
VIC,2020-05-24,1687,411546,2,21420,8,9,11718,13811
WA,2020-05-24,624,65125,1,1160,1,1,1564,1492
ACT,2020-05-25,116,14299,0,246,0,0,245,290
NSW,2020-05-25,3372,422703,0,4276,2,3,7260,8070
NT,2020-05-25,29,6896,0,16,0,0,148,153
QLD,2020-05-25,1066,150522,1,1110,0,0,2746,2712
SA,2020-05-25,478,69976,0,799,0,0,1376,1364
TAS,2020-05-25,264,28383,0,472,0,0,345,379
VIC,2020-05-25,1692,423178,5,11632,7,8,12370,13325
WA,2020-05-25,628,65982,4,857,1,1,1566,1529
ACT,2020-05-26,116,14489,0,190,0,0,250,274
NSW,2020-05-26,3372,456724,0,34021,1,2,11363,10068
NT,2020-05-26,29,7059,0,163,0,0,157,157
QLD,2020-05-26,1067,152109,1,1587,0,0,2560,2691
SA,2020-05-26,479,71115,1,1139,0,0,1382,1382
TAS,2020-05-26,264,28968,0,585,0,0,379,408
VIC,2020-05-26,1700,428706,8,5528,7,8,11327,12782
WA,2020-05-26,634,66789,6,807,2,1,1523,1577
ACT,2020-05-27,116,14868,0,379,0,0,266,281
NSW,2020-05-27,3373,464351,1,7627,1,2,11439,10033
NT,2020-05-27,29,7191,0,132,0,0,154,158
QLD,2020-05-27,1067,155919,0,3810,0,0,2402,2738
SA,2020-05-27,479,73634,0,2519,0,0,1500,1441
TAS,2020-05-27,264,29315,0,347,0,0,367,393
VIC,2020-05-27,1710,462132,10,33426,8,9,14794,14113
WA,2020-05-27,634,68647,0,1858,2,1,1503,1538
ACT,2020-05-28,116,15362,0,494,0,0,308,286
NSW,2020-05-28,3375,474223,2,9872,1,2,11899,10042
NT,2020-05-28,29,7361,0,170,0,0,159,154
QLD,2020-05-28,1067,159587,0,3668,0,0,2452,2776
SA,2020-05-28,479,74543,0,909,0,0,1346,1394
TAS,2020-05-28,264,30312,0,997,0,0,449,424
VIC,2020-05-28,1716,471993,6,9861,7,8,14574,13661
WA,2020-05-28,641,71799,7,3152,3,2,1668,1575
ACT,2020-05-29,116,15667,0,305,0,0,303,277
NSW,2020-05-29,3377,484185,2,9962,1,1,11652,9881
NT,2020-05-29,29,7581,0,220,0,0,158,144
QLD,2020-05-29,1067,161484,0,1897,0,0,2296,2666
SA,2020-05-29,479,76619,0,2076,0,0,1400,1424
TAS,2020-05-29,264,31218,0,906,0,0,552,458
VIC,2020-05-29,1727,484385,11,12392,7,8,14283,13116
WA,2020-05-29,649,74219,8,2420,4,2,1776,1606
ACT,2020-05-30,116,16085,0,418,0,0,318,281
NSW,2020-05-30,3380,493637,3,9452,1,2,11717,9850
NT,2020-05-30,29,7745,0,164,0,0,140,146
QLD,2020-05-30,1067,167610,0,6126,0,0,2836,2872
SA,2020-05-30,479,78771,0,2152,0,0,1513,1451
TAS,2020-05-30,264,31878,0,660,0,0,594,468
VIC,2020-05-30,1731,492865,4,8480,7,7,14677,12685
WA,2020-05-30,650,77683,1,3464,4,2,1960,1754
ACT,2020-05-31,116,16407,0,322,0,0,336,290
NSW,2020-05-31,3383,503464,3,9827,2,2,12148,10044
NT,2020-05-31,29,7883,0,138,0,0,143,148
QLD,2020-05-31,1067,170985,0,3375,0,0,3082,2944
SA,2020-05-31,479,80196,0,1425,0,0,1574,1474
TAS,2020-05-31,264,32367,0,489,0,0,637,483
VIC,2020-05-31,1735,500991,4,8126,7,7,12778,12248
WA,2020-05-31,653,80011,3,2328,4,3,2127,1845
ACT,2020-06-01,116,16718,0,311,0,0,346,295
NSW,2020-06-01,3389,509227,6,5763,2,2,12361,9810
NT,2020-06-01,29,7903,0,20,0,0,144,146
QLD,2020-06-01,1068,172915,1,1930,0,0,3199,2972
SA,2020-06-01,479,81101,0,905,0,0,1589,1482
TAS,2020-06-01,264,32769,0,402,0,0,627,486
VIC,2020-06-01,1745,506841,10,5850,8,7,11952,12161
WA,2020-06-01,655,82482,2,2471,4,2,2357,1962
ACT,2020-06-02,116,16927,0,209,0,0,348,299
NSW,2020-06-02,3391,514651,2,5424,3,2,8275,9819
NT,2020-06-02,29,8069,0,166,0,0,144,151
QLD,2020-06-02,1069,175939,1,3024,0,0,3404,2982
SA,2020-06-02,479,83119,0,2018,0,0,1715,1548
TAS,2020-06-02,264,33330,0,561,0,0,623,501
VIC,2020-06-02,1752,512659,7,5818,7,7,11993,11660
WA,2020-06-02,656,83429,1,947,3,3,2377,1950
ACT,2020-06-03,116,17192,0,265,0,0,332,299
NSW,2020-06-03,3393,521669,2,7018,3,2,8188,9814
NT,2020-06-03,29,8254,0,185,0,0,152,153
QLD,2020-06-03,1070,179806,1,3867,0,0,3412,2907
SA,2020-06-03,479,85279,0,2160,0,0,1664,1582
TAS,2020-06-03,264,34036,0,706,0,0,674,521
VIC,2020-06-03,1760,517807,8,5148,7,7,7954,11374
WA,2020-06-03,656,86393,0,2964,3,3,2535,2019
ACT,2020-06-04,116,17630,0,438,0,0,324,316
NSW,2020-06-04,3396,533034,3,11365,3,2,8402,10150
NT,2020-06-04,29,8646,0,392,0,0,184,171
QLD,2020-06-04,1071,184306,1,4500,1,0,3531,2992
SA,2020-06-04,479,87604,0,2325,0,0,1866,1606
TAS,2020-06-04,264,34783,0,747,0,0,639,544
VIC,2020-06-04,1763,522116,3,4309,7,7,7160,10867
WA,2020-06-04,656,90572,0,4179,2,3,2682,2175
ACT,2020-06-05,116,18029,0,399,0,0,337,320
NSW,2020-06-05,3396,543205,0,10171,3,2,8431,10042
NT,2020-06-05,29,8837,0,191,0,0,179,169
QLD,2020-06-05,1072,188418,1,4112,1,0,3848,3072
SA,2020-06-05,479,92356,0,4752,0,0,2248,1824
TAS,2020-06-05,264,35533,0,750,0,0,616,584
VIC,2020-06-05,1767,526425,4,4309,6,7,6006,10144
WA,2020-06-05,660,96292,4,5720,2,3,3153,2465
ACT,2020-06-06,117,18425,1,396,0,0,334,326
NSW,2020-06-06,3396,555956,0,12751,2,2,8903,10310
NT,2020-06-06,29,8993,0,156,0,0,178,159
QLD,2020-06-06,1073,192006,1,3588,1,1,3485,3160
SA,2020-06-06,479,94234,0,1878,0,0,2209,1861
TAS,2020-06-06,264,36003,0,470,0,0,589,592
VIC,2020-06-06,1771,531573,4,5148,6,6,5530,10103
WA,2020-06-06,663,100591,3,4299,2,3,3273,2616
ACT,2020-06-07,117,18780,0,355,0,0,339,338
NSW,2020-06-07,3399,565163,3,9207,2,2,8814,10481
NT,2020-06-07,29,9117,0,124,0,0,176,160
QLD,2020-06-07,1074,194970,1,2964,1,1,3426,3254
SA,2020-06-07,479,95480,0,1246,0,0,2183,1879
TAS,2020-06-07,264,36444,0,441,0,0,582,610
VIC,2020-06-07,1773,540713,2,9140,5,6,5675,9226
WA,2020-06-07,663,103988,0,3397,1,3,3425,2776
ACT,2020-06-08,117,18976,0,196,0,0,323,334
NSW,2020-06-08,3401,571113,2,5950,2,2,8841,10601
NT,2020-06-08,29,9140,0,23,0,0,177,160
QLD,2020-06-08,1074,196760,0,1790,1,1,3406,3303
SA,2020-06-08,479,96533,0,1053,0,0,2205,1897
TAS,2020-06-08,264,36743,0,299,0,0,568,597
VIC,2020-06-08,1777,544465,4,3752,5,6,5375,8663
WA,2020-06-08,663,106978,0,2990,1,2,3499,2928
ACT,2020-06-09,117,19268,0,292,0,0,334,341
NSW,2020-06-09,3402,575856,1,4743,2,2,8744,8509
NT,2020-06-09,29,9221,0,81,0,0,165,154
QLD,2020-06-09,1074,199598,0,2838,1,0,3380,3392
SA,2020-06-09,479,97292,0,759,0,0,2025,1870
TAS,2020-06-09,264,37118,0,375,0,0,541,582
VIC,2020-06-09,1781,548656,4,4191,4,6,5142,8568
WA,2020-06-09,663,110868,0,3890,1,2,3920,3148
ACT,2020-06-10,117,19704,0,436,0,0,359,345
NSW,2020-06-10,3402,581559,0,5703,1,2,8556,8372
NT,2020-06-10,29,9410,0,189,0,0,165,158
QLD,2020-06-10,1075,206340,1,6742,1,1,3791,3602
SA,2020-06-10,479,98578,0,1286,0,0,1900,1782
TAS,2020-06-10,264,37774,0,656,0,0,534,604
VIC,2020-06-10,1789,558601,8,9945,4,6,5828,6891
WA,2020-06-10,665,115181,2,4313,1,2,4113,3324
ACT,2020-06-11,117,20231,0,527,0,0,372,348
NSW,2020-06-11,3402,591305,0,9746,1,2,8324,8363
NT,2020-06-11,29,9602,0,192,0,0,137,160
QLD,2020-06-11,1076,211465,1,5125,1,1,3880,3706
SA,2020-06-11,479,100712,0,2134,0,0,1873,1869
TAS,2020-06-11,264,38394,0,620,0,0,516,577
VIC,2020-06-11,1793,564949,4,6348,4,6,6119,6640
WA,2020-06-11,666,121758,1,6577,1,2,4455,3568
ACT,2020-06-12,117,20785,0,554,0,0,394,366
NSW,2020-06-12,3406,606525,4,15220,1,2,9046,8739
NT,2020-06-12,29,9880,0,278,0,0,149,164
QLD,2020-06-12,1077,216409,1,4944,1,1,3999,3923
SA,2020-06-12,479,103212,0,2500,0,0,1551,1900
TAS,2020-06-12,264,39218,0,824,0,0,526,571
VIC,2020-06-12,1805,573742,12,8793,5,6,6760,6383
WA,2020-06-12,666,122972,0,1214,1,1,3811,3482
ACT,2020-06-13,117,21072,0,287,0,0,378,356
NSW,2020-06-13,3415,620650,9,14125,3,2,9242,9072
NT,2020-06-13,29,10003,0,123,0,0,144,161
QLD,2020-06-13,1077,221261,0,4852,1,1,4179,3832
SA,2020-06-13,479,105272,0,2060,0,0,1577,1893
TAS,2020-06-13,264,39728,0,510,0,0,532,561
VIC,2020-06-13,1822,583271,17,9529,7,6,7385,6458
WA,2020-06-13,666,128587,0,5615,0,1,3999,3636
ACT,2020-06-14,117,21510,0,438,0,0,390,364
NSW,2020-06-14,3418,634241,3,13591,3,2,9868,9341
NT,2020-06-14,29,10127,0,124,0,0,144,160
QLD,2020-06-14,1077,225175,0,3914,0,1,4315,3871
SA,2020-06-14,479,106463,0,1191,0,0,1569,1876
TAS,2020-06-14,264,40034,0,306,0,0,513,548
VIC,2020-06-14,1834,591610,12,8339,9,7,7271,6473
WA,2020-06-14,666,130386,0,1799,0,1,3771,3598
ACT,2020-06-15,117,21864,0,354,0,0,413,368
NSW,2020-06-15,3421,641442,3,7201,3,2,10047,9444
NT,2020-06-15,29,10151,0,24,0,0,144,161
QLD,2020-06-15,1077,226870,0,1695,0,1,4301,3854
SA,2020-06-15,479,107303,0,840,0,0,1539,1872
TAS,2020-06-15,264,40191,0,157,0,0,493,530
VIC,2020-06-15,1843,595622,9,4012,9,7,7308,6342
WA,2020-06-15,666,131899,0,1513,0,1,3560,3530
ACT,2020-06-16,117,22130,0,266,0,0,409,372
NSW,2020-06-16,3422,649337,1,7895,3,2,10497,9620
NT,2020-06-16,29,10328,0,177,0,0,158,161
QLD,2020-06-16,1078,230102,1,3232,1,1,4358,3869
SA,2020-06-16,479,108546,0,1243,0,0,1608,1816
TAS,2020-06-16,264,41076,0,885,0,0,565,553
VIC,2020-06-16,1864,600652,21,5030,12,8,7428,6285
WA,2020-06-16,666,133698,0,1799,0,1,3261,3591
ACT,2020-06-17,117,22721,0,591,0,0,431,395
NSW,2020-06-17,3424,661226,2,11889,3,2,11381,9968
NT,2020-06-17,29,10503,0,175,0,0,156,161
QLD,2020-06-17,1078,235450,0,5348,0,1,4159,3975
SA,2020-06-17,479,110852,0,2306,0,0,1753,1827
TAS,2020-06-17,264,41612,0,536,0,0,548,541
VIC,2020-06-17,1882,609583,18,8931,13,9,7283,6555
WA,2020-06-17,667,139100,1,5402,0,1,3417,3765
ACT,2020-06-18,117,23264,0,543,0,0,433,402
NSW,2020-06-18,3430,678618,6,17392,4,2,12473,10399
NT,2020-06-18,29,10751,0,248,0,0,164,150
QLD,2020-06-18,1078,239654,0,4204,0,0,4027,3953
SA,2020-06-18,479,113221,0,2369,0,0,1787,1830
TAS,2020-06-18,264,46651,0,5039,0,0,1180,848
VIC,2020-06-18,1894,621983,12,12400,14,9,8148,7133
WA,2020-06-18,668,142883,1,3783,0,1,3018,3736
ACT,2020-06-19,117,23593,0,329,0,0,401,397
NSW,2020-06-19,3431,695981,1,17363,4,2,12779,10913
NT,2020-06-19,29,10906,0,155,0,0,147,148
QLD,2020-06-19,1078,243834,0,4180,0,0,3918,3958
SA,2020-06-19,479,115419,0,2198,0,0,1744,1647
TAS,2020-06-19,264,47251,0,600,0,0,1148,837
VIC,2020-06-19,1912,636654,18,14671,15,10,8987,7874
WA,2020-06-19,669,146095,1,3212,0,1,3303,3557
ACT,2020-06-20,117,23857,0,264,0,0,398,388
NSW,2020-06-20,3436,712174,5,16193,3,3,13075,11158
NT,2020-06-20,29,11080,0,174,0,0,154,149
QLD,2020-06-20,1078,247408,0,3574,0,0,3735,3957
SA,2020-06-20,479,117109,0,1690,0,0,1691,1634
TAS,2020-06-20,264,48078,0,827,0,0,1193,862
VIC,2020-06-20,1956,646158,44,9504,19,13,8984,8185
WA,2020-06-20,670,149042,1,2947,1,0,2922,3461
ACT,2020-06-21,117,24198,0,341,0,0,384,387
NSW,2020-06-21,3437,725817,1,13643,3,3,13082,11475
NT,2020-06-21,29,11196,0,116,0,0,153,148
QLD,2020-06-21,1078,250236,0,2828,0,0,3580,3948
SA,2020-06-21,479,118021,0,912,0,0,1651,1610
TAS,2020-06-21,264,48281,0,203,0,0,1178,846
VIC,2020-06-21,1967,661558,11,15400,19,14,9993,8632
WA,2020-06-21,671,151545,1,2503,1,1,3023,3397
ACT,2020-06-22,117,24368,0,170,0,0,358,385
NSW,2020-06-22,3440,734669,3,8852,3,3,13318,11683
NT,2020-06-22,29,11229,0,33,0,0,154,149
QLD,2020-06-22,1078,299443,0,49207,0,0,10368,7334
SA,2020-06-22,479,118901,0,880,0,0,1657,1598
TAS,2020-06-22,264,48550,0,269,0,0,1194,843
VIC,2020-06-22,1984,667872,17,6314,20,15,10321,8815
WA,2020-06-22,673,152345,2,800,1,1,2921,3240
ACT,2020-06-23,117,24773,0,405,0,0,378,393
NSW,2020-06-23,3449,742962,9,8293,4,3,13375,11936
NT,2020-06-23,29,11541,0,312,0,0,173,166
QLD,2020-06-23,1078,303078,0,3635,0,0,10425,7391
SA,2020-06-23,479,120325,0,1424,0,0,1683,1645
TAS,2020-06-23,264,49222,0,672,0,0,1164,865
VIC,2020-06-23,2004,676021,20,8149,20,16,10767,9098
WA,2020-06-23,674,154427,1,2082,1,1,2961,3111
ACT,2020-06-24,117,25230,0,457,0,0,358,395
NSW,2020-06-24,3452,756240,3,13278,4,4,13573,12477
NT,2020-06-24,29,11762,0,221,0,0,180,168
QLD,2020-06-24,1078,309632,0,6554,0,0,10597,7378
SA,2020-06-24,479,122361,0,2036,0,0,1644,1699
TAS,2020-06-24,264,50226,0,1004,0,0,1231,889
VIC,2020-06-24,2037,697020,33,20999,22,18,12491,9887
WA,2020-06-24,675,157481,1,3054,1,1,2626,3021
ACT,2020-06-25,117,25822,0,592,0,0,365,399
NSW,2020-06-25,3458,773415,6,17175,4,4,13542,13008
NT,2020-06-25,29,11988,0,226,0,0,177,170
QLD,2020-06-25,1079,316129,1,6497,0,0,10925,7476
SA,2020-06-25,479,124636,0,2275,0,0,1631,1709
TAS,2020-06-25,264,51080,0,854,0,0,633,906
VIC,2020-06-25,2067,717324,30,20304,25,20,13620,10884
WA,2020-06-25,675,161475,0,3994,1,1,2656,2837
ACT,2020-06-26,117,26346,0,524,0,0,393,397
NSW,2020-06-26,3464,788693,6,15278,5,4,13245,13012
NT,2020-06-26,29,12269,0,281,0,0,195,171
QLD,2020-06-26,1079,323158,0,7029,0,0,11332,7625
SA,2020-06-26,479,126858,0,2222,0,0,1634,1689
TAS,2020-06-26,264,51941,0,861,0,0,670,909
VIC,2020-06-26,2138,737492,71,20168,32,24,14405,11696
WA,2020-06-26,675,164610,0,3135,1,1,2645,2974
ACT,2020-06-27,117,26657,0,311,0,0,400,399
NSW,2020-06-27,3467,812427,3,23734,4,4,14322,13698
NT,2020-06-27,29,12595,0,326,0,0,216,185
QLD,2020-06-27,1079,328633,0,5475,0,0,11604,7669
SA,2020-06-27,479,128577,0,1719,0,0,1638,1665
TAS,2020-06-27,264,52495,0,554,0,0,631,912
VIC,2020-06-27,2219,759595,81,22103,38,28,16205,12595
WA,2020-06-27,676,167797,1,3187,1,1,2679,2801
ACT,2020-06-28,117,27301,0,644,0,0,443,414
NSW,2020-06-28,3474,830541,7,18114,5,4,14961,14021
NT,2020-06-28,29,12872,0,277,0,0,239,196
QLD,2020-06-28,1079,333463,0,4830,0,0,11890,7735
SA,2020-06-28,479,129575,0,998,0,0,1651,1651
TAS,2020-06-28,264,52792,0,297,0,0,644,911
VIC,2020-06-28,2290,777549,71,17954,46,33,16570,13281
WA,2020-06-28,676,170984,0,3187,1,1,2777,2900
ACT,2020-06-29,117,27575,0,274,0,0,458,408
NSW,2020-06-29,3479,842374,5,11833,6,4,15386,14352
NT,2020-06-29,29,12908,0,36,0,0,240,197
QLD,2020-06-29,1079,336017,0,2554,0,0,5225,7796
SA,2020-06-29,482,130640,3,1065,0,0,1677,1667
TAS,2020-06-29,264,53173,0,381,0,0,660,927
VIC,2020-06-29,2350,792930,60,15381,52,36,17865,14093
WA,2020-06-29,678,175980,2,4996,1,1,3376,3149
ACT,2020-06-30,117,27886,0,311,0,0,445,411
NSW,2020-06-30,3493,855324,14,12950,6,5,16052,14713
NT,2020-06-30,29,12970,0,62,0,0,204,189
QLD,2020-06-30,1079,340529,0,4512,0,0,5350,7888
SA,2020-06-30,482,132016,0,1376,0,0,1670,1676
TAS,2020-06-30,264,53646,0,473,0,0,632,898
VIC,2020-06-30,2422,810346,72,17416,60,40,19189,14978
WA,2020-06-30,678,179167,0,3187,1,1,3534,3248
ACT,2020-07-01,117,28625,0,739,0,0,485,422
NSW,2020-07-01,3501,871567,8,16243,7,6,16475,15024
NT,2020-07-01,30,13267,1,297,0,0,215,197
QLD,2020-07-01,1079,346521,0,5992,0,0,5270,7934
SA,2020-07-01,482,134290,0,2274,0,0,1704,1674
TAS,2020-07-01,264,54023,0,377,0,0,542,886
VIC,2020-07-01,2494,831028,72,20682,65,44,19144,15818
WA,2020-07-01,678,182504,0,3337,0,1,3575,3100
ACT,2020-07-02,117,29490,0,865,0,0,524,445
NSW,2020-07-02,3509,889914,8,18347,7,6,16643,15093
NT,2020-07-02,30,13622,0,355,0,0,233,205
QLD,2020-07-02,1079,352267,0,5746,0,0,5163,8044
SA,2020-07-02,482,136213,0,1923,0,0,1654,1642
TAS,2020-07-02,264,55223,0,1200,0,0,592,612
VIC,2020-07-02,2559,857348,65,26320,70,48,20003,16812
WA,2020-07-02,678,185607,0,3103,0,1,3447,3052
ACT,2020-07-03,117,29856,0,366,0,0,501,447
NSW,2020-07-03,3703,907762,194,17848,34,19,17010,15127
NT,2020-07-03,30,13877,0,255,0,0,230,212
QLD,2020-07-03,1079,357662,0,5395,0,0,4929,8131
SA,2020-07-03,482,138702,0,2489,0,0,1692,1663
TAS,2020-07-03,264,56258,0,1035,0,0,617,643
VIC,2020-07-03,2683,881778,124,24430,78,55,20612,17509
WA,2020-07-03,678,187867,0,2260,0,1,3322,2984
ACT,2020-07-04,117,30309,0,453,0,0,522,461
NSW,2020-07-04,3717,924318,14,16556,36,20,15984,15153
NT,2020-07-04,30,14186,0,309,0,0,227,222
QLD,2020-07-04,1079,362275,0,4613,0,0,4806,8205
SA,2020-07-04,482,140731,0,2029,0,0,1736,1687
TAS,2020-07-04,264,56921,0,663,0,0,632,632
VIC,2020-07-04,2851,907331,168,25553,90,64,21105,18655
WA,2020-07-04,679,191054,1,3187,0,1,3322,3001
ACT,2020-07-05,117,30566,0,257,0,0,466,455
NSW,2020-07-05,3727,942432,10,18114,36,21,15984,15472
NT,2020-07-05,30,14411,0,225,0,0,220,230
QLD,2020-07-05,1079,366120,0,3845,0,0,4665,8277
SA,2020-07-05,482,141823,0,1092,0,0,1750,1700
TAS,2020-07-05,264,57190,0,269,0,0,628,636
VIC,2020-07-05,2975,928928,124,21597,98,72,21626,19098
WA,2020-07-05,685,193258,6,2204,1,1,3182,2980
ACT,2020-07-06,117,30855,0,289,0,0,469,463
NSW,2020-07-06,3731,953987,4,11555,36,21,15945,15666
NT,2020-07-06,30,14436,0,25,0,0,218,229
QLD,2020-07-06,1080,367786,1,1666,0,0,4538,4882
SA,2020-07-06,482,142730,0,907,0,0,1727,1702
TAS,2020-07-06,264,58348,0,1158,0,0,739,700
VIC,2020-07-06,3139,953456,164,24528,113,82,22932,20399
WA,2020-07-06,688,198153,3,4895,1,1,3168,3272
ACT,2020-07-07,120,31308,3,453,0,0,489,467
NSW,2020-07-07,3738,963733,7,9746,35,21,15487,15769
NT,2020-07-07,30,14775,0,339,0,0,258,231
QLD,2020-07-07,1080,370575,0,2789,0,0,4292,4821
SA,2020-07-07,482,144175,0,1445,0,0,1737,1704
TAS,2020-07-07,264,58884,0,536,0,0,748,690
VIC,2020-07-07,3257,980010,118,26554,119,90,24238,21714
WA,2020-07-07,691,199929,3,1776,2,1,2966,3250
ACT,2020-07-08,121,31969,1,661,1,0,478,481
NSW,2020-07-08,3751,979060,13,15327,36,21,15356,15916
NT,2020-07-08,30,15139,0,364,0,0,267,241
QLD,2020-07-08,1080,374392,0,3817,0,0,3982,4626
SA,2020-07-08,482,146331,0,2156,0,0,1720,1712
TAS,2020-07-08,264,59431,0,547,0,0,773,658
VIC,2020-07-08,3413,1009434,156,29424,131,98,25487,22315
WA,2020-07-08,692,202932,1,3003,2,1,2918,3246
ACT,2020-07-09,122,32666,1,697,1,0,454,489
NSW,2020-07-09,3765,997736,14,18676,37,22,15403,16023
NT,2020-07-09,31,15447,1,308,0,0,261,247
QLD,2020-07-09,1080,382220,0,7828,0,0,4279,4721
SA,2020-07-09,482,148384,0,2053,0,0,1739,1696
TAS,2020-07-09,264,60305,0,874,0,0,726,659
VIC,2020-07-09,3712,1031219,299,21785,165,118,24839,22421
WA,2020-07-09,695,205136,3,2204,2,1,2790,3119
ACT,2020-07-10,122,33547,0,881,1,0,527,514
NSW,2020-07-10,3772,1007662,7,9926,10,22,14271,15641
NT,2020-07-10,31,15755,0,308,0,0,268,249
QLD,2020-07-10,1082,388386,2,6166,0,0,4389,4659
SA,2020-07-10,482,150488,0,2104,0,0,1684,1688
TAS,2020-07-10,264,60931,0,626,0,0,668,642
VIC,2020-07-10,3875,1068807,163,37588,170,124,26718,23665
WA,2020-07-10,702,206974,7,1838,3,2,2730,3026
ACT,2020-07-11,122,34618,0,1071,1,0,616,569
NSW,2020-07-11,3776,1024410,4,16748,8,22,14299,15142
NT,2020-07-11,31,16397,0,642,0,0,316,272
QLD,2020-07-11,1082,393518,0,5132,0,0,4463,4635
SA,2020-07-11,482,152506,0,2018,0,0,1682,1709
TAS,2020-07-11,264,61394,0,463,0,0,639,636
VIC,2020-07-11,4114,1095976,239,27169,180,135,26949,24027
WA,2020-07-11,703,209577,1,2603,3,2,2646,2984
ACT,2020-07-12,122,35378,0,760,1,0,687,577
NSW,2020-07-12,3790,1039385,14,14975,9,23,13850,14917
NT,2020-07-12,31,16625,0,228,0,0,316,268
QLD,2020-07-12,1083,397286,1,3768,1,0,4452,4559
SA,2020-07-12,482,156045,0,3539,0,0,2032,1891
TAS,2020-07-12,264,61924,0,530,0,0,676,652
VIC,2020-07-12,4282,1126171,168,30195,187,142,28178,24902
WA,2020-07-12,704,212180,1,2603,3,2,2703,2943
ACT,2020-07-13,122,35979,0,601,1,0,732,600
NSW,2020-07-13,3803,1050171,13,10786,10,23,13741,14843
NT,2020-07-13,31,16691,0,66,0,0,322,270
QLD,2020-07-13,1083,399459,0,2173,0,0,4525,4532
SA,2020-07-13,482,157302,0,1257,0,0,2082,1904
TAS,2020-07-13,264,62255,0,331,0,0,558,649
VIC,2020-07-13,4539,1149114,257,22943,200,156,27951,25442
WA,2020-07-13,705,216323,1,4143,2,2,2596,2882
ACT,2020-07-14,122,36302,0,323,0,0,713,601
NSW,2020-07-14,3815,1062503,12,12332,11,23,14110,14798
NT,2020-07-14,31,18308,0,1617,0,0,505,381
QLD,2020-07-14,1083,403968,0,4509,0,0,4770,4531
SA,2020-07-14,482,159119,0,1817,0,0,2135,1936
TAS,2020-07-14,264,62594,0,339,0,0,530,639
VIC,2020-07-14,4763,1171109,224,21995,215,167,27300,25769
WA,2020-07-14,708,216818,3,495,2,2,2413,2689
ACT,2020-07-15,122,37431,0,1129,0,0,780,629
NSW,2020-07-15,3825,1080163,10,17660,11,23,14443,14900
NT,2020-07-15,31,18529,0,221,0,0,484,376
QLD,2020-07-15,1083,410746,0,6778,0,0,5193,4588
SA,2020-07-15,483,161618,1,2499,0,0,2184,1952
TAS,2020-07-15,264,63296,0,702,0,0,552,662
VIC,2020-07-15,5065,1198149,302,27040,236,184,26959,26223
WA,2020-07-15,713,221936,5,5118,3,2,2715,2817
ACT,2020-07-16,122,38404,0,973,0,0,820,637
NSW,2020-07-16,3833,1102999,8,22836,10,23,15038,15220
NT,2020-07-16,31,18889,0,360,0,0,492,376
QLD,2020-07-16,1083,417546,0,6800,0,0,5047,4663
SA,2020-07-16,483,164162,0,2544,0,0,2254,1996
TAS,2020-07-16,264,64148,0,852,0,0,549,638
VIC,2020-07-16,5480,1226756,415,28607,253,209,27934,26386
WA,2020-07-16,713,224539,0,2603,3,2,2772,2781
ACT,2020-07-17,122,39279,0,875,0,0,819,673
NSW,2020-07-17,3848,1127466,15,24467,11,10,17115,15693
NT,2020-07-17,31,19243,0,354,0,0,498,383
QLD,2020-07-17,1083,424307,0,6761,0,0,5132,4760
SA,2020-07-17,483,166835,0,2673,0,0,2335,2010
TAS,2020-07-17,264,64887,0,739,0,0,565,616
VIC,2020-07-17,5668,1251165,188,24409,256,213,26051,26385
WA,2020-07-17,713,227009,0,2470,2,2,2862,2796
ACT,2020-07-18,122,40019,0,740,0,0,772,694
NSW,2020-07-18,3866,1155168,18,27702,13,11,18680,16489
NT,2020-07-18,31,19539,0,296,0,0,449,382
QLD,2020-07-18,1083,430379,0,6072,0,0,5266,4865
SA,2020-07-18,483,168853,0,2018,0,0,2335,2009
TAS,2020-07-18,264,65340,0,453,0,0,564,601
VIC,2020-07-18,6011,1279269,343,28104,271,226,26185,26567
WA,2020-07-18,713,229838,0,2829,1,2,2894,2770
ACT,2020-07-19,122,40749,0,730,0,0,767,727
NSW,2020-07-19,3886,1181085,20,25917,14,11,20243,17047
NT,2020-07-19,31,19791,0,252,0,0,452,384
QLD,2020-07-19,1084,434687,1,4308,0,0,5343,4898
SA,2020-07-19,483,173195,0,4342,0,0,2450,2241
TAS,2020-07-19,264,65749,0,409,0,0,546,611
VIC,2020-07-19,6257,1305943,246,26674,282,234,25682,26930
WA,2020-07-19,713,232667,0,2829,1,2,2927,2815
ACT,2020-07-20,122,41250,0,501,0,0,753,742
NSW,2020-07-20,3897,1202252,11,21167,13,12,21726,17733
NT,2020-07-20,31,19910,0,119,0,0,460,391
QLD,2020-07-20,1085,437480,1,2793,0,0,5432,4978
SA,2020-07-20,483,174572,0,1377,0,0,2467,2274
TAS,2020-07-20,265,66207,1,458,0,0,565,561
VIC,2020-07-20,6604,1332531,347,26588,295,248,26202,27077
WA,2020-07-20,713,237626,0,4959,1,2,3043,2820
ACT,2020-07-21,122,41469,0,219,0,0,738,726
NSW,2020-07-21,3912,1218155,15,15903,14,12,22236,18173
NT,2020-07-21,31,20232,0,322,0,0,275,390
QLD,2020-07-21,1086,442027,1,4547,0,0,5437,5104
SA,2020-07-21,483,177203,0,2631,0,0,2583,2359
TAS,2020-07-21,265,66602,0,395,0,0,573,551
VIC,2020-07-21,7054,1361995,450,29464,327,271,27269,27285
WA,2020-07-21,713,240455,0,2829,1,2,3377,2895
ACT,2020-07-22,122,42824,0,1355,0,0,770,775
NSW,2020-07-22,3931,1236620,19,18465,15,13,22351,18397
NT,2020-07-22,31,21021,0,789,0,0,356,420
QLD,2020-07-22,1087,449881,1,7854,1,0,5591,5392
SA,2020-07-22,485,180134,2,2931,0,0,2645,2414
TAS,2020-07-22,265,67420,0,818,0,0,589,571
VIC,2020-07-22,7440,1386721,386,24726,339,288,26939,26949
WA,2020-07-22,713,243311,0,2856,0,2,3054,2884
ACT,2020-07-23,122,44153,0,1329,0,0,821,820
NSW,2020-07-23,3938,1261260,7,24640,15,12,22609,18823
NT,2020-07-23,31,21426,0,405,0,0,362,427
QLD,2020-07-23,1089,458021,2,8140,1,1,5782,5414
SA,2020-07-23,486,184470,1,4336,0,0,2901,2578
TAS,2020-07-23,265,68152,0,732,0,0,572,560
VIC,2020-07-23,7720,1413872,280,27151,320,286,26731,27332
WA,2020-07-23,713,245886,0,2575,0,1,3050,2911
ACT,2020-07-24,122,44961,0,808,0,0,812,815
NSW,2020-07-24,3952,1297429,14,36169,15,13,24280,20698
NT,2020-07-24,31,21709,0,283,0,0,352,425
QLD,2020-07-24,1089,465442,0,7421,1,0,5876,5504
SA,2020-07-24,486,187812,0,3342,0,0,2997,2666
TAS,2020-07-24,265,69060,0,908,0,0,596,581
VIC,2020-07-24,8059,1437990,339,24118,342,299,26689,26370
WA,2020-07-24,713,248421,0,2535,0,1,3059,2960
ACT,2020-07-25,122,46034,0,1073,0,0,859,815
NSW,2020-07-25,3966,1327964,14,30535,14,14,24685,21682
NT,2020-07-25,31,21992,0,283,0,0,350,400
QLD,2020-07-25,1089,473396,0,7954,1,0,6145,5706
SA,2020-07-25,486,190816,0,3004,0,0,3138,2736
TAS,2020-07-25,265,69982,0,922,0,0,663,613
VIC,2020-07-25,8496,1458303,437,20313,355,313,25576,25880
WA,2020-07-25,713,250996,0,2575,0,1,3023,2958
ACT,2020-07-26,122,46663,0,629,0,0,845,806
NSW,2020-07-26,3983,1353103,17,25139,14,14,24574,22408
NT,2020-07-26,31,22135,0,143,0,0,335,394
QLD,2020-07-26,1089,478016,0,4620,1,0,6190,5766
SA,2020-07-26,486,192651,0,1835,0,0,2779,2615
TAS,2020-07-26,265,70262,0,280,0,0,645,596
VIC,2020-07-26,9011,1501276,515,42973,393,338,27905,26793
WA,2020-07-26,713,253571,0,2575,0,1,2986,2956
ACT,2020-07-27,122,46986,0,323,0,0,819,786
NSW,2020-07-27,3997,1375135,14,22032,14,14,24698,23212
NT,2020-07-27,31,22410,0,275,0,0,357,408
QLD,2020-07-27,1089,481176,0,3160,1,0,6242,5837
SA,2020-07-27,486,194763,0,2112,0,0,2884,2676
TAS,2020-07-27,265,70811,0,549,0,0,658,611
VIC,2020-07-27,9364,1518864,353,17588,394,345,26619,26411
WA,2020-07-27,713,259498,0,5927,0,1,3125,3084
ACT,2020-07-28,122,47432,0,446,0,0,852,795
NSW,2020-07-28,4016,1391144,19,16009,15,14,24713,23474
NT,2020-07-28,31,22968,0,558,0,0,391,333
QLD,2020-07-28,1091,485754,2,4578,1,1,6247,5842
SA,2020-07-28,487,197257,1,2494,1,0,2865,2724
TAS,2020-07-28,265,71336,0,525,0,0,676,624
VIC,2020-07-28,9619,1537385,255,18521,366,347,25056,26163
WA,2020-07-28,713,261338,0,1840,0,0,2983,3180
ACT,2020-07-29,122,48364,0,932,0,0,791,781
NSW,2020-07-29,4034,1409687,18,18543,15,15,24724,23537
NT,2020-07-29,31,23395,0,427,0,0,339,348
QLD,2020-07-29,1095,494065,4,8311,1,1,6312,5951
SA,2020-07-29,487,213617,0,16360,0,0,4783,3714
TAS,2020-07-29,265,71975,0,639,0,0,651,620
VIC,2020-07-29,10313,1555462,694,18077,410,375,24106,25522
WA,2020-07-29,713,264237,0,2899,0,0,2989,3022
ACT,2020-07-30,122,49114,0,750,0,0,709,765
NSW,2020-07-30,4054,1436834,20,27147,17,16,25082,23845
NT,2020-07-30,31,23962,0,567,0,0,362,362
QLD,2020-07-30,1096,502316,1,8251,1,1,6328,6055
SA,2020-07-30,488,218381,1,4764,0,0,4844,3873
TAS,2020-07-30,265,72929,0,954,0,0,682,627
VIC,2020-07-30,10892,1575383,579,19921,453,387,23073,24902
WA,2020-07-30,713,266736,0,2499,0,0,2979,3014
ACT,2020-07-31,122,49602,0,488,0,0,663,737
NSW,2020-07-31,4071,1462155,17,25321,17,16,23532,23906
NT,2020-07-31,33,24422,2,460,0,0,388,370
QLD,2020-07-31,1097,511392,1,9076,1,1,6564,6220
SA,2020-07-31,490,222533,2,4152,1,0,4960,3978
TAS,2020-07-31,265,73697,0,768,0,0,662,629
VIC,2020-07-31,11246,1609209,354,33826,455,398,24460,25575
WA,2020-07-31,713,267848,0,1112,0,0,2775,2917
ACT,2020-08-01,122,50460,0,858,0,0,632,746
NSW,2020-08-01,4082,1485613,11,23458,17,15,22521,23603
NT,2020-08-01,33,24799,0,377,0,0,401,376
QLD,2020-08-01,1098,525095,1,13703,1,1,7386,6765
SA,2020-08-01,492,226908,2,4375,1,1,5156,4147
TAS,2020-08-01,265,74344,0,647,0,0,623,643
VIC,2020-08-01,11872,1634710,626,25501,482,419,25201,25389
WA,2020-08-01,713,270347,0,2499,0,0,2764,2894
ACT,2020-08-02,122,51385,0,925,0,0,675,760
NSW,2020-08-02,4095,1508040,13,22427,16,15,22134,23354
NT,2020-08-02,33,25095,0,296,0,0,423,379
QLD,2020-08-02,1098,536155,0,11060,1,1,8306,7248
SA,2020-08-02,494,230927,2,4019,1,1,5468,4124
TAS,2020-08-02,265,74775,0,431,0,0,645,645
VIC,2020-08-02,12252,1652710,380,18000,463,428,21633,24769
WA,2020-08-02,714,272846,1,2499,0,0,2754,2870
ACT,2020-08-03,122,51928,0,543,0,0,706,763
NSW,2020-08-03,4107,1526863,12,18823,16,15,21675,23186
NT,2020-08-03,33,25235,0,140,0,0,404,380
QLD,2020-08-03,1098,544940,0,8785,1,1,9109,7676
SA,2020-08-03,495,234996,1,4069,1,1,5748,4316
TAS,2020-08-03,265,75151,0,376,0,0,620,639
VIC,2020-08-03,12650,1677710,398,25000,469,432,22692,24656
WA,2020-08-03,714,280639,0,7793,0,0,3020,3072
ACT,2020-08-04,122,52424,0,496,0,0,713,782
NSW,2020-08-04,4118,1539739,11,12876,15,15,21228,22970
NT,2020-08-04,33,25434,0,199,0,0,352,372
QLD,2020-08-04,1100,556834,2,11894,1,1,10154,8200
SA,2020-08-04,495,237622,0,2626,1,1,5766,4316
TAS,2020-08-04,265,75723,0,572,0,0,627,652
VIC,2020-08-04,13350,1698710,700,21000,533,450,23046,24051
WA,2020-08-04,714,282682,0,2043,0,0,3049,3016
ACT,2020-08-05,122,53082,0,658,0,0,674,733
NSW,2020-08-05,4130,1561826,12,22087,14,14,21734,23229
NT,2020-08-05,33,25898,0,464,0,0,358,348
QLD,2020-08-05,1100,570549,0,13715,1,1,10926,8619
SA,2020-08-05,495,243175,0,5553,1,1,4223,4503
TAS,2020-08-05,265,76259,0,536,0,0,612,631
VIC,2020-08-05,13784,1722710,434,24000,496,453,23893,23999
WA,2020-08-05,714,286133,0,3451,0,0,3128,3059
ACT,2020-08-06,122,54753,0,1671,0,0,806,757
NSW,2020-08-06,4140,1589861,10,28035,12,14,21861,23472
NT,2020-08-06,33,26447,0,549,0,0,355,359
QLD,2020-08-06,1100,585155,0,14606,1,1,11834,9081
SA,2020-08-06,498,249177,3,6002,1,1,4399,4622
TAS,2020-08-06,265,77266,0,1007,0,0,620,651
VIC,2020-08-06,14182,1747710,398,25000,470,462,24618,23846
WA,2020-08-06,714,289271,0,3138,0,0,3219,3099
ACT,2020-08-07,122,54965,0,212,0,0,766,715
NSW,2020-08-07,4149,1617799,9,27938,11,14,22235,22884
NT,2020-08-07,33,27009,0,562,0,0,370,379
QLD,2020-08-07,1101,613559,1,28404,1,1,14595,10580
SA,2020-08-07,498,255693,0,6516,1,1,4737,4849
TAS,2020-08-07,265,78043,0,777,0,0,621,642
VIC,2020-08-07,14598,1760726,416,13016,479,467,21645,23053
WA,2020-08-07,714,291799,0,2528,0,0,3422,3098
ACT,2020-08-08,122,55469,0,504,0,0,716,674
NSW,2020-08-08,4159,1642220,10,24421,11,14,22372,22447
NT,2020-08-08,33,27502,0,493,0,0,386,394
QLD,2020-08-08,1102,632424,1,18865,1,1,15333,11359
SA,2020-08-08,498,262947,0,7254,1,1,5148,5152
TAS,2020-08-08,265,78687,0,644,0,0,620,622
VIC,2020-08-08,14974,1785726,376,25000,443,463,21574,23387
WA,2020-08-08,714,294937,0,3138,0,0,3513,3139
ACT,2020-08-09,122,56036,0,567,0,0,664,670
NSW,2020-08-09,4173,1673901,14,31681,11,14,23694,22914
NT,2020-08-09,33,27830,0,328,0,0,391,407
QLD,2020-08-09,1103,644299,1,11875,1,1,15449,11877
SA,2020-08-09,498,269981,0,7034,1,1,5579,5524
TAS,2020-08-09,265,78977,0,290,0,0,600,622
VIC,2020-08-09,15272,1827142,298,41416,431,447,24919,23276
WA,2020-08-09,714,298075,0,3138,0,0,3604,3179
ACT,2020-08-10,122,58598,0,2562,0,0,953,829
NSW,2020-08-10,4195,1693821,22,19920,13,14,23851,22763
NT,2020-08-10,33,28007,0,177,0,0,396,400
QLD,2020-08-10,1103,652848,0,8549,1,1,15415,12262
SA,2020-08-10,498,274474,0,4493,0,1,5640,5694
TAS,2020-08-10,265,79377,0,400,0,0,604,612
VIC,2020-08-10,15566,1846355,294,19213,417,443,24092,23392
WA,2020-08-10,714,303893,0,5818,0,0,3322,3171
ACT,2020-08-11,122,59254,0,656,0,0,976,844
NSW,2020-08-11,4213,1707078,18,13257,14,14,23906,22567
NT,2020-08-11,33,28380,0,373,0,0,421,387
QLD,2020-08-11,1103,659372,0,6524,0,1,14648,12401
SA,2020-08-11,498,278803,0,4329,0,1,5883,5825
TAS,2020-08-11,266,79755,1,378,0,0,576,601
VIC,2020-08-11,15961,1880445,395,34090,373,453,25962,24504
WA,2020-08-11,714,305912,0,2019,0,0,3319,3184
ACT,2020-08-12,122,60001,0,747,0,0,988,831
NSW,2020-08-12,4225,1727182,12,20104,14,14,23622,22678
NT,2020-08-12,33,28929,0,549,0,0,433,395
QLD,2020-08-12,1103,669255,0,9883,0,1,14101,12514
SA,2020-08-12,498,284316,0,5513,0,1,5877,5050
TAS,2020-08-12,266,80667,0,912,0,0,630,621
VIC,2020-08-12,16178,1900372,217,19927,342,419,25380,24636
WA,2020-08-12,716,309449,2,3537,0,0,3331,3229
ACT,2020-08-13,122,61170,0,1169,0,0,917,861
NSW,2020-08-13,4234,1751803,9,24621,13,13,23135,22498
NT,2020-08-13,33,29358,0,429,0,0,416,385
QLD,2020-08-13,1105,681170,2,11915,1,1,13716,12775
SA,2020-08-13,499,289822,1,5506,0,1,5806,5103
TAS,2020-08-13,266,81629,0,962,0,0,623,621
VIC,2020-08-13,16549,1921323,371,20951,338,404,24802,24710
WA,2020-08-13,717,312337,1,2888,0,0,3295,3257
ACT,2020-08-14,122,62377,0,1207,0,0,1059,912
NSW,2020-08-14,4243,1781499,9,29696,13,12,23386,22810
NT,2020-08-14,33,29767,0,409,0,0,394,382
QLD,2020-08-14,1105,691968,0,10798,1,1,11201,12898
SA,2020-08-14,499,296630,0,6808,0,1,5848,5293
TAS,2020-08-14,266,82368,0,739,0,0,618,619
VIC,2020-08-14,16832,1940231,283,18908,319,399,25644,23644
WA,2020-08-14,718,314401,1,2064,1,0,3229,3325
ACT,2020-08-15,122,63574,0,1197,0,0,1158,937
NSW,2020-08-15,4248,1808887,5,27388,13,12,23810,23091
NT,2020-08-15,33,30253,0,486,0,0,393,390
QLD,2020-08-15,1105,697643,0,5675,0,0,9317,12325
SA,2020-08-15,499,301192,0,4562,0,0,5464,5306
TAS,2020-08-15,266,83168,0,800,0,0,640,630
VIC,2020-08-15,17079,1963493,247,23262,301,372,25395,23484
WA,2020-08-15,718,316465,0,2064,1,0,3075,3294
ACT,2020-08-16,122,63754,0,180,0,0,1103,884
NSW,2020-08-16,4255,1832980,7,24093,12,11,22726,23210
NT,2020-08-16,33,30411,0,158,0,0,369,380
QLD,2020-08-16,1105,700942,0,3299,0,0,8092,11770
SA,2020-08-16,500,305293,1,4101,0,0,5045,5312
TAS,2020-08-16,266,83545,0,377,0,0,653,626
VIC,2020-08-16,17342,1985059,263,21566,296,364,22560,23739
WA,2020-08-16,718,318529,0,2064,1,0,2922,3263
ACT,2020-08-17,122,64951,0,1197,0,0,908,930
NSW,2020-08-17,4257,1843786,2,10806,9,11,21424,22637
NT,2020-08-17,33,30608,0,197,0,0,372,384
QLD,2020-08-17,1105,703461,0,2519,0,0,7230,11323
SA,2020-08-17,501,307878,1,2585,0,0,4772,5206
TAS,2020-08-17,266,83919,0,374,0,0,649,626
VIC,2020-08-17,17553,2000787,211,15728,284,350,22062,23077
WA,2020-08-17,719,324859,1,6330,1,0,2995,3159
ACT,2020-08-18,122,66148,0,1197,0,0,985,980
NSW,2020-08-18,4264,1857522,7,13736,7,10,21492,22699
NT,2020-08-18,33,30936,0,328,0,0,365,393
QLD,2020-08-18,1106,711188,1,7727,0,0,7402,11025
SA,2020-08-18,501,310876,0,2998,0,0,4582,5232
TAS,2020-08-18,266,84261,0,342,0,0,644,610
VIC,2020-08-18,17761,2018278,208,17491,257,315,19690,22826
WA,2020-08-18,719,326753,0,1894,1,0,2977,3148
ACT,2020-08-19,122,68654,0,2506,0,0,1236,1112
NSW,2020-08-19,4269,1876936,5,19414,6,10,21393,22508
NT,2020-08-19,33,31332,0,396,0,0,343,388
QLD,2020-08-19,1107,722728,1,11540,1,0,7639,10870
SA,2020-08-19,501,316499,0,5623,0,0,4598,5237
TAS,2020-08-19,266,85045,0,784,0,0,625,628
VIC,2020-08-19,17998,2034387,237,16109,260,301,19145,22263
WA,2020-08-19,723,330263,4,3510,1,1,2973,3152
ACT,2020-08-20,122,69414,0,760,0,0,1178,1047
NSW,2020-08-20,4270,1905703,1,28767,5,9,21986,22560
NT,2020-08-20,33,31750,0,418,0,0,342,379
QLD,2020-08-20,1108,732525,1,9797,0,1,7336,10526
SA,2020-08-20,501,321771,0,5272,0,0,4564,5185
TAS,2020-08-20,266,85853,0,808,0,0,603,613
VIC,2020-08-20,18167,2054666,169,20279,231,285,19049,21925
WA,2020-08-20,723,332498,0,2235,1,1,2880,3088
ACT,2020-08-21,122,70385,0,971,0,0,1144,1101
NSW,2020-08-21,4279,1938283,9,32580,5,9,22398,22892
NT,2020-08-21,33,32099,0,349,0,0,333,364
QLD,2020-08-21,1117,741647,9,9122,2,1,7097,9149
SA,2020-08-21,501,326309,0,4538,0,0,4240,5044
TAS,2020-08-21,266,86437,0,584,0,0,581,600
VIC,2020-08-21,18344,2074992,177,20326,216,268,19252,22448
WA,2020-08-21,723,335177,0,2679,1,1,2968,3098
ACT,2020-08-22,122,71057,0,672,0,0,1069,1113
NSW,2020-08-22,4283,1969093,4,30810,5,9,22887,23348
NT,2020-08-22,33,32239,0,140,0,0,284,338
QLD,2020-08-22,1119,751094,2,9447,2,1,7636,8476
SA,2020-08-22,501,330600,0,4291,0,0,4201,4832
TAS,2020-08-22,266,87428,0,991,0,0,609,624
VIC,2020-08-22,18546,2096338,202,21346,210,255,18978,22187
WA,2020-08-22,724,337856,1,2679,1,1,3056,3066
ACT,2020-08-23,122,71387,0,330,0,0,1090,1096
NSW,2020-08-23,4286,1995573,3,26480,4,8,23228,22977
NT,2020-08-23,33,32442,0,203,0,0,290,329
QLD,2020-08-23,1120,757969,1,6875,2,1,8147,8119
SA,2020-08-23,502,334569,1,3969,0,0,4182,4613
TAS,2020-08-23,266,87734,0,306,0,0,598,626
VIC,2020-08-23,18645,2117085,99,20747,186,241,18861,20710
WA,2020-08-23,725,340535,1,2679,1,1,3144,3033
ACT,2020-08-24,122,71722,0,335,0,0,967,937
NSW,2020-08-24,4289,2016293,3,20720,5,7,24644,23034
NT,2020-08-24,33,32940,0,498,0,0,333,352
QLD,2020-08-24,1121,764803,1,6834,2,1,8763,7997
SA,2020-08-24,502,336374,0,1805,0,0,4071,4421
TAS,2020-08-24,266,88097,0,363,0,0,597,623
VIC,2020-08-24,18779,2131896,134,14811,175,230,18730,20396
WA,2020-08-24,726,346616,1,6081,1,1,3108,3052
ACT,2020-08-25,122,72646,0,924,0,0,928,957
NSW,2020-08-25,4295,2026668,6,10375,4,6,24164,22828
NT,2020-08-25,33,33277,0,337,0,0,334,350
QLD,2020-08-25,1122,772862,1,8059,2,1,8811,8106
SA,2020-08-25,502,339264,0,2890,0,0,4055,4319
TAS,2020-08-25,266,88453,0,356,0,0,599,621
VIC,2020-08-25,18923,2144956,144,13060,166,212,18097,18894
WA,2020-08-25,726,367290,0,20674,1,1,5791,4384
ACT,2020-08-26,122,73597,0,951,0,0,706,971
NSW,2020-08-26,4304,2052542,9,25874,5,6,25087,23240
NT,2020-08-26,33,33739,0,462,0,0,344,344
QLD,2020-08-26,1125,793718,3,20856,3,2,10141,8890
SA,2020-08-26,502,344693,0,5429,0,0,4028,4313
TAS,2020-08-26,266,89390,0,937,0,0,621,623
VIC,2020-08-26,19029,2158436,106,13480,147,204,17721,18433
WA,2020-08-26,726,371004,0,3714,0,1,5820,4397
ACT,2020-08-27,122,74438,0,841,0,0,718,948
NSW,2020-08-27,4317,2082715,13,30173,7,6,25287,23637
NT,2020-08-27,33,34195,0,456,0,0,349,346
QLD,2020-08-27,1128,813498,3,19780,3,2,11568,9452
SA,2020-08-27,502,349883,0,5190,0,0,4016,4290
TAS,2020-08-27,266,90176,0,786,0,0,618,610
VIC,2020-08-27,19137,2183906,108,25470,139,185,18463,18756
WA,2020-08-27,728,374576,2,3572,1,1,6011,4446
ACT,2020-08-28,122,75213,0,775,0,0,690,917
NSW,2020-08-28,4331,2112997,14,30282,7,6,24959,23678
NT,2020-08-28,33,34594,0,399,0,0,356,345
QLD,2020-08-28,1132,835151,4,21653,2,2,13358,10227
SA,2020-08-28,502,354146,0,4263,0,0,3977,4108
TAS,2020-08-28,266,90851,0,675,0,0,631,606
VIC,2020-08-28,19218,2203769,81,19863,125,170,18397,18824
WA,2020-08-28,728,376222,0,1646,1,1,5864,4416
ACT,2020-08-29,122,75924,0,711,0,0,695,882
NSW,2020-08-29,4338,2137629,7,24632,8,6,24077,23482
NT,2020-08-29,33,35003,0,409,0,0,395,339
QLD,2020-08-29,1136,853914,4,18763,2,2,14689,11162
SA,2020-08-29,502,358218,0,4072,0,0,3945,4073
TAS,2020-08-29,266,91705,0,854,0,0,611,610
VIC,2020-08-29,19330,2221883,112,18114,112,161,17935,18456
WA,2020-08-29,728,379936,0,3714,1,1,6011,4534
ACT,2020-08-30,122,76109,0,185,0,0,675,882
NSW,2020-08-30,4348,2157255,10,19626,9,7,23097,23162
NT,2020-08-30,33,35261,0,258,0,0,403,346
QLD,2020-08-30,1137,864472,1,10558,2,2,15215,11681
SA,2020-08-30,502,361329,0,3111,0,0,3823,4003
TAS,2020-08-30,266,92084,0,379,0,0,621,610
VIC,2020-08-30,19395,2236204,65,14321,107,147,17017,17939
WA,2020-08-30,728,383650,0,3714,0,1,6159,4652
ACT,2020-08-31,122,77249,0,1140,0,0,790,878
NSW,2020-08-31,4361,2171487,13,14232,10,7,22171,23407
NT,2020-08-31,33,35482,0,221,0,0,363,348
QLD,2020-08-31,1139,871337,2,6865,3,2,15219,11991
SA,2020-08-31,502,362418,0,1089,0,0,3721,3896
TAS,2020-08-31,266,92510,0,426,0,0,630,614
VIC,2020-08-31,19453,2250644,58,14440,96,136,16964,17847
WA,2020-08-31,728,391461,0,7811,0,1,6406,4757
ACT,2020-09-01,122,78703,0,1454,0,0,865,897
NSW,2020-09-01,4377,2186337,16,14850,12,8,22810,23487
NT,2020-09-01,33,35871,0,389,0,0,371,352
QLD,2020-09-01,1141,878826,2,7489,3,2,15138,11974
SA,2020-09-01,502,365986,0,3568,0,0,3817,3936
TAS,2020-09-01,266,92865,0,355,0,0,630,615
VIC,2020-09-01,19539,2260797,86,10153,88,127,16549,17323
WA,2020-09-01,728,394582,0,3121,0,1,3899,4845
ACT,2020-09-02,122,80355,0,1652,0,0,965,836
NSW,2020-09-02,4389,2206385,12,20048,12,9,21978,23532
NT,2020-09-02,33,36248,0,377,0,0,358,351
QLD,2020-09-02,1143,896977,2,18151,3,3,14751,12446
SA,2020-09-02,502,370850,0,4864,0,0,3737,3882
TAS,2020-09-02,266,93676,0,811,0,0,612,616
VIC,2020-09-02,19651,2274709,112,13912,89,118,16610,17166
WA,2020-09-02,728,398730,0,4148,0,0,3961,4890
ACT,2020-09-03,122,81810,0,1455,0,0,1053,885
NSW,2020-09-03,4397,2235992,8,29607,11,9,21897,23592
NT,2020-09-03,33,36835,0,587,0,0,377,363
QLD,2020-09-03,1145,911250,2,14273,2,3,13965,12766
SA,2020-09-03,502,374856,0,4006,0,0,3568,3792
TAS,2020-09-03,266,94581,0,905,0,0,629,623
VIC,2020-09-03,19730,2357018,79,82309,85,112,24730,21597
WA,2020-09-03,728,401782,0,3052,0,0,3887,4949
ACT,2020-09-04,122,83178,0,1368,0,0,1138,914
NSW,2020-09-04,4402,2259160,5,23168,10,9,20880,22920
NT,2020-09-04,33,37341,0,506,0,0,392,374
QLD,2020-09-04,1146,925028,1,13778,2,2,12840,13099
SA,2020-09-04,502,378819,0,3963,0,0,3525,3751
TAS,2020-09-04,266,94932,0,351,0,0,583,607
VIC,2020-09-04,19794,2382049,64,25031,82,104,25469,21933
WA,2020-09-04,728,404578,0,2796,0,0,4051,4957
ACT,2020-09-05,122,84377,0,1199,0,0,1208,951
NSW,2020-09-05,4412,2289500,10,30340,11,9,21696,22886
NT,2020-09-05,33,37855,0,514,0,0,407,401
QLD,2020-09-05,1148,936541,2,11513,2,2,11804,13246
SA,2020-09-05,503,382224,1,3405,0,0,3429,3687
TAS,2020-09-05,266,95979,0,1047,0,0,611,611
VIC,2020-09-05,19853,2397869,59,15820,75,93,25141,21538
WA,2020-09-05,728,407699,0,3121,0,0,3966,4989
ACT,2020-09-06,122,84733,0,356,0,0,1232,953
NSW,2020-09-06,4416,2328026,4,38526,10,9,24396,23747
NT,2020-09-06,33,38063,0,208,0,0,400,402
QLD,2020-09-06,1150,942603,2,6062,2,2,11162,13188
SA,2020-09-06,503,384804,0,2580,0,0,3354,3588
TAS,2020-09-06,266,96469,0,490,0,0,626,624
VIC,2020-09-06,19889,2416207,36,18338,71,89,25715,21366
WA,2020-09-06,729,410773,1,3074,0,0,3875,5017
ACT,2020-09-07,122,84981,0,248,0,0,1105,947
NSW,2020-09-07,4424,2338155,8,10129,9,10,23810,22990
NT,2020-09-07,33,38428,0,365,0,0,421,392
QLD,2020-09-07,1151,946757,1,4154,2,2,10774,12997
SA,2020-09-07,503,386238,0,1434,0,0,3403,3562
TAS,2020-09-07,266,96754,0,285,0,0,606,618
VIC,2020-09-07,19930,2429145,41,12938,68,82,25500,21232
WA,2020-09-07,731,417306,2,6533,0,0,3692,5049
ACT,2020-09-08,122,85375,0,394,0,0,953,909
NSW,2020-09-08,4433,2350649,9,12494,8,10,23473,23142
NT,2020-09-08,33,38822,0,394,0,0,422,396
QLD,2020-09-08,1160,954417,9,7660,3,3,10799,12968
SA,2020-09-08,504,389730,1,3492,0,0,3392,3605
TAS,2020-09-08,266,97313,0,559,0,0,635,633
VIC,2020-09-08,20003,2437849,73,8704,66,77,25293,20921
WA,2020-09-08,731,420572,0,3266,0,0,3713,3806
ACT,2020-09-09,122,86185,0,810,0,0,833,899
NSW,2020-09-09,4440,2371501,7,20852,7,10,23588,22783
NT,2020-09-09,33,39143,0,321,0,0,414,386
QLD,2020-09-09,1162,966492,2,12075,3,3,9931,12341
SA,2020-09-09,504,394213,0,4483,0,0,3338,3537
TAS,2020-09-09,266,97948,0,635,0,0,610,611
VIC,2020-09-09,20054,2454535,51,16686,58,73,25689,21150
WA,2020-09-09,732,423646,1,3074,1,0,3559,3760
ACT,2020-09-10,122,86920,0,735,0,0,730,892
NSW,2020-09-10,4450,2396261,10,24760,8,10,22896,22396
NT,2020-09-10,33,39653,0,510,0,0,403,390
QLD,2020-09-10,1164,976632,2,10140,3,3,9340,11652
SA,2020-09-10,504,398139,0,3926,0,0,3326,3447
TAS,2020-09-10,266,98464,0,516,0,0,555,592
VIC,2020-09-10,20082,2469340,28,14805,50,68,16046,20388
WA,2020-09-10,732,428352,0,4706,1,0,3796,3841
ACT,2020-09-11,122,87492,0,572,0,0,616,877
NSW,2020-09-11,4455,2446201,5,49940,8,9,26720,23800
NT,2020-09-11,33,40037,0,384,0,0,385,389
QLD,2020-09-11,1168,985848,4,9216,3,3,8689,10764
SA,2020-09-11,505,401416,1,3277,0,0,3228,3376
TAS,2020-09-11,266,99083,0,619,0,0,593,588
VIC,2020-09-11,20115,2482681,33,13341,46,64,14376,19922
WA,2020-09-11,732,429725,0,1373,1,0,3592,3822
ACT,2020-09-12,122,88059,0,567,0,0,526,867
NSW,2020-09-12,4464,2466412,9,20211,7,9,25273,23484
NT,2020-09-12,33,40599,0,562,0,0,392,400
QLD,2020-09-12,1168,993513,0,7665,3,2,8139,9971
SA,2020-09-12,505,405332,0,3916,0,0,3301,3365
TAS,2020-09-12,266,99711,0,628,0,0,533,572
VIC,2020-09-12,20150,2497134,35,14453,42,59,14181,19661
WA,2020-09-12,732,432991,0,3266,1,0,3613,3790
ACT,2020-09-13,122,88356,0,297,0,0,518,875
NSW,2020-09-13,4468,2480838,4,14426,7,9,21830,23113
NT,2020-09-13,33,40836,0,237,0,0,396,398
QLD,2020-09-13,1168,998446,0,4933,3,2,7978,9570
SA,2020-09-13,505,407770,0,2438,0,0,3281,3317
TAS,2020-09-13,266,99919,0,208,0,0,493,560
VIC,2020-09-13,20187,2514530,37,17396,43,57,14046,19880
WA,2020-09-13,732,436257,0,3266,0,0,3641,3758
ACT,2020-09-14,122,88599,0,243,0,0,517,811
NSW,2020-09-14,4475,2490154,7,9316,7,8,21714,22762
NT,2020-09-14,33,41145,0,309,0,0,388,404
QLD,2020-09-14,1168,1001380,0,2934,2,2,7803,9289
SA,2020-09-14,505,409219,0,1449,0,0,3283,3343
TAS,2020-09-14,266,100359,0,440,0,0,515,561
VIC,2020-09-14,20226,2523467,39,8937,42,55,13475,19487
WA,2020-09-14,732,443575,0,7318,0,0,3753,3722
ACT,2020-09-15,122,89143,0,544,0,0,538,746
NSW,2020-09-15,4483,2498989,8,8835,7,8,21191,22332
NT,2020-09-15,33,41445,0,300,0,0,375,398
QLD,2020-09-15,1168,1006313,0,4933,1,2,7414,9106
SA,2020-09-15,505,411873,0,2654,0,0,3163,3278
TAS,2020-09-15,266,100894,0,535,0,0,512,574
VIC,2020-09-15,20258,2532270,32,8803,36,51,13489,19391
WA,2020-09-15,732,446587,0,3012,0,0,3716,3715
ACT,2020-09-16,122,89491,0,348,0,0,472,653
NSW,2020-09-16,4488,2518555,5,19566,7,7,21008,22298
NT,2020-09-16,33,41911,0,466,0,0,395,404
QLD,2020-09-16,1169,1012737,1,6424,1,2,6606,8269
SA,2020-09-16,505,415150,0,3277,0,0,2991,3164
TAS,2020-09-16,266,101511,0,617,0,0,509,560
VIC,2020-09-16,20285,2546644,27,14374,33,45,13158,19424
WA,2020-09-16,734,449247,2,2660,0,0,3657,3608
ACT,2020-09-17,122,89899,0,408,0,0,426,578
NSW,2020-09-17,4494,2538966,6,20411,6,7,20386,21641
NT,2020-09-17,33,42707,0,796,0,0,436,419
QLD,2020-09-17,1169,1024380,0,11643,1,2,6821,8081
SA,2020-09-17,505,418721,0,3571,0,0,2940,3133
TAS,2020-09-17,266,102157,0,646,0,0,528,541
VIC,2020-09-17,20327,2560891,42,14247,35,43,13079,14562
WA,2020-09-17,734,451882,0,2635,0,0,3361,3579
ACT,2020-09-18,122,90363,0,464,0,0,410,513
NSW,2020-09-18,4496,2555809,2,16843,6,7,15658,21189
NT,2020-09-18,33,42932,0,225,0,0,414,399
QLD,2020-09-18,1169,1030131,0,5751,0,2,6326,7507
SA,2020-09-18,505,422062,0,3341,0,0,2949,3089
TAS,2020-09-18,266,102551,0,394,0,0,495,544
VIC,2020-09-18,20349,2576801,22,15910,33,40,13446,13911
WA,2020-09-18,734,454376,0,2494,0,0,3522,3557
ACT,2020-09-19,122,90808,0,445,0,0,393,459
NSW,2020-09-19,4498,2571048,2,15239,5,6,14948,20111
NT,2020-09-19,33,43398,0,466,0,0,400,396
QLD,2020-09-19,1171,1036928,2,6797,0,2,6202,7170
SA,2020-09-19,505,425439,0,3377,0,0,2872,3087
TAS,2020-09-19,266,103325,0,774,0,0,516,525
VIC,2020-09-19,20357,2588753,8,11952,30,36,13088,13635
WA,2020-09-19,735,457036,1,2660,0,0,3435,3524
ACT,2020-09-20,122,91103,0,295,0,0,392,455
NSW,2020-09-20,4502,2584683,4,13635,5,6,14835,18333
NT,2020-09-20,33,43642,0,244,0,0,401,398
QLD,2020-09-20,1172,1040626,1,3698,1,2,6026,7002
SA,2020-09-20,505,427864,0,2425,0,0,2871,3076
TAS,2020-09-20,266,103606,0,281,0,0,527,510
VIC,2020-09-20,20366,2601214,9,12461,26,34,12383,13215
WA,2020-09-20,736,459671,1,2635,1,0,3345,3493
ACT,2020-09-21,122,91328,0,225,0,0,390,453
NSW,2020-09-21,4504,2592448,2,7765,4,6,14613,18164
NT,2020-09-21,33,44062,0,420,0,0,417,402
QLD,2020-09-21,1172,1043334,0,2708,1,2,5993,6898
SA,2020-09-21,505,429847,0,1983,0,0,2947,3115
TAS,2020-09-21,266,103981,0,375,0,0,517,516
VIC,2020-09-21,20391,2608378,25,7164,24,33,12130,12802
WA,2020-09-21,739,462467,3,2796,1,1,2699,3226
ACT,2020-09-22,122,91922,0,594,0,0,397,468
NSW,2020-09-22,4510,2600064,6,7616,4,6,14439,17815
NT,2020-09-22,33,44344,0,282,0,0,414,394
QLD,2020-09-22,1172,1048232,0,4898,1,1,5988,6701
SA,2020-09-22,505,431987,0,2140,0,0,2873,3018
TAS,2020-09-22,266,104454,0,473,0,0,509,510
VIC,2020-09-22,20415,2619501,24,11123,22,29,12462,12975
WA,2020-09-22,739,466936,0,4469,1,1,2907,3312
ACT,2020-09-23,122,92598,0,676,0,0,444,458
NSW,2020-09-23,4511,2616823,1,16759,3,5,14038,17523
NT,2020-09-23,33,44906,0,562,0,0,428,412
QLD,2020-09-23,1172,1053111,0,4879,0,1,5768,6187
SA,2020-09-23,507,432541,2,554,0,0,2484,2738
TAS,2020-09-23,266,105114,0,660,0,0,515,512
VIC,2020-09-23,20420,2635242,5,15741,19,26,12657,12908
WA,2020-09-23,739,469515,0,2579,1,0,2895,3276
ACT,2020-09-24,122,93175,0,577,0,0,468,447
NSW,2020-09-24,4515,2634215,4,17392,3,5,13607,16997
NT,2020-09-24,33,45445,0,539,0,0,391,414
QLD,2020-09-24,1172,1060389,0,7278,0,1,5144,5983
SA,2020-09-24,507,438297,0,5756,0,0,2797,2868
TAS,2020-09-24,266,105808,0,694,0,0,522,525
VIC,2020-09-24,20433,2648579,13,13337,15,25,12527,12803
WA,2020-09-24,742,471576,3,2061,1,1,2813,3087
ACT,2020-09-25,122,93607,0,432,0,0,463,437
NSW,2020-09-25,4516,2647901,1,13686,3,4,13156,14407
NT,2020-09-25,33,45821,0,376,0,0,413,413
QLD,2020-09-25,1175,1065413,3,5024,1,0,5040,5683
SA,2020-09-25,507,441342,0,3045,0,0,2754,2852
TAS,2020-09-25,266,106409,0,601,0,0,551,523
VIC,2020-09-25,20445,2661039,12,12460,14,24,12034,12740
WA,2020-09-25,745,474440,3,2864,2,1,2866,3194
ACT,2020-09-26,122,94011,0,404,0,0,458,425
NSW,2020-09-26,4516,2660159,0,12258,3,4,12730,13839
NT,2020-09-26,33,46197,0,376,0,0,400,400
QLD,2020-09-26,1176,1070472,1,5059,1,1,4792,5497
SA,2020-09-26,507,444596,0,3254,0,0,2737,2805
TAS,2020-09-26,266,106736,0,327,0,0,487,502
VIC,2020-09-26,20460,2677066,15,16027,15,22,12616,12852
WA,2020-09-26,753,477304,8,2864,3,2,2895,3165
ACT,2020-09-27,122,94294,0,283,0,0,456,424
NSW,2020-09-27,4516,2672392,0,12233,2,3,12530,13682
NT,2020-09-27,33,46362,0,165,0,0,389,395
QLD,2020-09-27,1176,1073512,0,3040,1,1,4698,5362
SA,2020-09-27,507,446563,0,1967,0,0,2671,2771
TAS,2020-09-27,266,107071,0,335,0,0,495,511
VIC,2020-09-27,20464,2687746,4,10680,14,20,12362,12373
WA,2020-09-27,753,481393,0,4089,2,2,3103,3224
ACT,2020-09-28,122,94560,0,266,0,0,462,426
NSW,2020-09-28,4518,2678745,2,6353,2,3,12328,13471
NT,2020-09-28,33,46647,0,285,0,0,369,393
QLD,2020-09-28,1176,1075383,0,1871,1,1,4578,5286
SA,2020-09-28,507,447822,0,1259,0,0,2568,2757
TAS,2020-09-28,266,107329,0,258,0,0,478,498
VIC,2020-09-28,20473,2694553,9,6807,12,18,12311,12220
WA,2020-09-28,753,485482,0,4089,2,2,3288,2993
ACT,2020-09-29,122,94951,0,391,0,0,433,415
NSW,2020-09-29,4522,2685126,4,6381,2,3,12152,13296
NT,2020-09-29,33,47097,0,450,0,0,393,404
QLD,2020-09-29,1176,1079751,0,4368,1,1,4503,5246
SA,2020-09-29,507,450457,0,2635,0,0,2639,2756
TAS,2020-09-29,266,107613,0,284,0,0,451,480
VIC,2020-09-29,20484,2702779,11,8226,10,16,11897,12179
WA,2020-09-29,761,488757,8,3275,3,2,3117,3012
ACT,2020-09-30,122,95431,0,480,0,0,405,424
NSW,2020-09-30,4525,2698701,3,13575,2,3,11697,12868
NT,2020-09-30,33,47411,0,314,0,0,358,393
QLD,2020-09-30,1176,1086540,0,6789,1,0,4776,5272
SA,2020-09-30,507,453507,0,3050,0,0,2995,2740
TAS,2020-09-30,266,108212,0,599,0,0,443,479
VIC,2020-09-30,20498,2720716,14,17937,11,15,12211,12434
WA,2020-09-30,762,494084,1,5327,3,2,3510,3203
ACT,2020-10-01,122,95888,0,457,0,0,388,428
NSW,2020-10-01,4529,2711773,4,13072,2,2,11080,12343
NT,2020-10-01,33,47949,0,538,0,0,358,374
QLD,2020-10-01,1179,1092298,3,5758,1,1,4558,4851
SA,2020-10-01,507,456497,0,2990,0,0,2600,2698
TAS,2020-10-01,266,108847,0,635,0,0,434,478
VIC,2020-10-01,20504,2735425,6,14709,10,13,12407,12467
WA,2020-10-01,762,498173,0,4089,3,2,3800,3306
ACT,2020-10-02,122,96371,0,483,0,0,395,429
NSW,2020-10-02,4530,2723116,1,11343,2,2,10745,11950
NT,2020-10-02,33,48329,0,380,0,0,358,386
QLD,2020-10-02,1179,1097554,0,5256,1,1,4592,4816
SA,2020-10-02,509,459757,2,3260,0,0,2631,2692
TAS,2020-10-02,266,109441,0,594,0,0,433,492
VIC,2020-10-02,20512,2747975,8,12550,10,12,12419,12227
WA,2020-10-02,763,501236,1,3063,3,2,3828,3347
ACT,2020-10-03,122,96709,0,338,0,0,385,422
NSW,2020-10-03,4532,2733450,2,10334,2,2,10470,11600
NT,2020-10-03,33,48734,0,405,0,0,362,381
QLD,2020-10-03,1179,1102221,0,4667,0,1,4536,4664
SA,2020-10-03,509,462352,0,2595,0,0,2537,2637
TAS,2020-10-03,266,109974,0,533,0,0,463,475
VIC,2020-10-03,20524,2759256,12,11281,9,12,11741,12179
WA,2020-10-03,763,504299,0,3063,1,2,3856,3376
ACT,2020-10-04,122,96962,0,253,0,0,381,418
NSW,2020-10-04,4533,2741755,1,8305,2,2,9909,11219
NT,2020-10-04,33,48884,0,150,0,0,360,374
QLD,2020-10-04,1179,1104982,0,2761,0,0,4496,4597
SA,2020-10-04,510,464744,1,2392,0,0,2597,2634
TAS,2020-10-04,266,110307,0,333,0,0,462,479
VIC,2020-10-04,20535,2771250,11,11994,10,12,11929,12145
WA,2020-10-04,763,507362,0,3063,1,2,3710,3406
